"Symbol","Name","LastSale","MarketCap","ADR TSO","IPOyear","Sector","Industry","Summary Quote",
"VNET","21Vianet Group, Inc.","5.18","319113661.72","61604954","2011","Technology","Computer Software: Programming, Data Processing","https://www.nasdaq.com/symbol/vnet",
"TWOU","2U, Inc.","81.01","4270506228.91","n/a","2014","Technology","Computer Software: Prepackaged Software","https://www.nasdaq.com/symbol/twou",
"DDD","3D Systems Corporation","10.4","1183572696.8","n/a","n/a","Technology","Computer Software: Prepackaged Software","https://www.nasdaq.com/symbol/ddd",
"JOBS","51job, Inc.","84.57","3081406981.47","36436171","2004","Technology","Diversified Commercial Services","https://www.nasdaq.com/symbol/jobs",
"WUBA","58.com Inc.","88.63","13027064735.95","n/a","2013","Technology","Computer Software: Programming, Data Processing","https://www.nasdaq.com/symbol/wuba",
"ATEN","A10 Networks, Inc.","6.21","439366504.5","n/a","2014","Technology","Computer Communications Equipment","https://www.nasdaq.com/symbol/aten",
"AAN","Aaron&#39;s,  Inc.","40.28","2923453964.28","n/a","n/a","Technology","Diversified Commercial Services","https://www.nasdaq.com/symbol/aan",
"ACIA","Acacia Communications, Inc.","28.77","1152621284.85","n/a","2016","Technology","Semiconductors","https://www.nasdaq.com/symbol/acia",
"ACIW","ACI Worldwide, Inc.","23.16","2695632443.64","n/a","n/a","Technology","Computer Software: Prepackaged Software","https://www.nasdaq.com/symbol/aciw",
"ACMR","ACM Research, Inc.","10.12","155873360.72","n/a","2017","Technology","Industrial Machinery/Components","https://www.nasdaq.com/symbol/acmr",
"ATVI","Activision Blizzard, Inc","67.8","51435226751.4","n/a","n/a","Technology","Computer Software: Prepackaged Software","https://www.nasdaq.com/symbol/atvi",
"ATU","Actuant Corporation","23.25","1410959613.75","n/a","n/a","Technology","Industrial Machinery/Components","https://www.nasdaq.com/symbol/atu",
"ACXM","Acxiom Corporation","26.17","2045306012.85","n/a","n/a","Technology","EDP Services","https://www.nasdaq.com/symbol/acxm",
"IOTS","Adesto Technologies Corporation","9.45","202171192.65","n/a","2015","Technology","Semiconductors","https://www.nasdaq.com/symbol/iots",
"ADBE","Adobe Systems Incorporated","224.08","110352752666.8","n/a","1986","Technology","Computer Software: Prepackaged Software","https://www.nasdaq.com/symbol/adbe",
"AMD","Advanced Micro Devices, Inc.","11.13","10786436243.94","n/a","n/a","Technology","Semiconductors","https://www.nasdaq.com/symbol/amd",
"AER","Aercap Holdings N.V.","51.79","7923460910.79","n/a","2006","Technology","Diversified Commercial Services","https://www.nasdaq.com/symbol/aer",
"ACY","AeroCentury Corp.","15.8","22383844.2","n/a","n/a","Technology","Diversified Commercial Services","https://www.nasdaq.com/symbol/acy",
"HIVE","Aerohive Networks, Inc.","4.12","225058806.88","n/a","2014","Technology","EDP Services","https://www.nasdaq.com/symbol/hive",
"AGYS","Agilysys, Inc.","11.81","275328372.36","n/a","n/a","Technology","EDP Services","https://www.nasdaq.com/symbol/agys",
"AGMH","AGM Group Holdings Inc.","8.55","183055500","n/a","2018","Technology","EDP Services","https://www.nasdaq.com/symbol/agmh",
"AL","Air Lease Corporation","41.7","4334651240.7","n/a","2011","Technology","Diversified Commercial Services","https://www.nasdaq.com/symbol/al",
"AYR","Aircastle Limited","19.6","1539321907.2","n/a","2006","Technology","Diversified Commercial Services","https://www.nasdaq.com/symbol/ayr",
"AIRG","Airgain, Inc.","8.21","77525338.74","n/a","2016","Technology","Radio And Television Broadcasting And Communications Equipment","https://www.nasdaq.com/symbol/airg",
"AMCN","AirMedia Group Inc","0.67","30269091.83","45177749","2007","Technology","Advertising","https://www.nasdaq.com/symbol/amcn",
"ALRM","Alarm.com Holdings, Inc.","40.6","1920438220.4","n/a","2015","Technology","Computer Software: Prepackaged Software","https://www.nasdaq.com/symbol/alrm",
"ALLT","Allot Communications Ltd.","5.15","172977242.1","n/a","2006","Technology","Computer Communications Equipment","https://www.nasdaq.com/symbol/allt",
"MDRX","Allscripts Healthcare Solutions, Inc.","11.89","2115856497.23","n/a","n/a","Technology","EDP Services","https://www.nasdaq.com/symbol/mdrx",
"AOSL","Alpha and Omega Semiconductor Limited","15.6","373589985.6","n/a","2010","Technology","Semiconductors","https://www.nasdaq.com/symbol/aosl",
"GOOG","Alphabet Inc.","1037.31","720462377347.53","n/a","2004","Technology","Computer Software: Programming, Data Processing","https://www.nasdaq.com/symbol/goog",
"GOOGL","Alphabet Inc.","1040.75","722851625092.25","n/a","n/a","Technology","Computer Software: Programming, Data Processing","https://www.nasdaq.com/symbol/googl",
"AABA","Altaba Inc.","69.89","56603339160.02","n/a","n/a","Technology","EDP Services","https://www.nasdaq.com/symbol/aaba",
"ALTR","Altair Engineering Inc.","28.75","1840095680","n/a","2017","Technology","Computer Software: Prepackaged Software","https://www.nasdaq.com/symbol/altr",
"AYX","Alteryx, Inc.","32.99","1998980983.57","n/a","2017","Technology","Computer Software: Prepackaged Software","https://www.nasdaq.com/symbol/ayx",
"AMBA","Ambarella, Inc.","47.36","1585398780.16","n/a","2012","Technology","Semiconductors","https://www.nasdaq.com/symbol/amba",
"AMBR","Amber Road, Inc.","9.46","258464691.54","n/a","2014","Technology","Computer Software: Prepackaged Software","https://www.nasdaq.com/symbol/ambr",
"DOX","Amdocs Limited","67.71","9711171330","n/a","n/a","Technology","EDP Services","https://www.nasdaq.com/symbol/dox",
"AMRH","Ameri Holdings, Inc.","1.18","22173377.64","n/a","n/a","Technology","Semiconductors","https://www.nasdaq.com/symbol/amrh",
"AMRHW","Ameri Holdings, Inc.","0.23","0","n/a","n/a","Technology","Semiconductors","https://www.nasdaq.com/symbol/amrhw",
"AMSWA","American Software, Inc.","12.76","387987616.28","n/a","n/a","Technology","Computer Software: Prepackaged Software","https://www.nasdaq.com/symbol/amswa",
"AMKR","Amkor Technology, Inc.","8.51","2038120823.09","n/a","1998","Technology","Semiconductors","https://www.nasdaq.com/symbol/amkr",
"AMN","AMN Healthcare Services Inc","66.6","3184725886.2","n/a","n/a","Technology","Professional Services","https://www.nasdaq.com/symbol/amn",
"ASYS","Amtech Systems, Inc.","7.06","105165788.24","n/a","n/a","Technology","Industrial Machinery/Components","https://www.nasdaq.com/symbol/asys",
"ADI","Analog Devices, Inc.","88.86","32860746918.54","n/a","n/a","Technology","Semiconductors","https://www.nasdaq.com/symbol/adi",
"ANSS","ANSYS, Inc.","161.11","13542764984.31","n/a","1996","Technology","Computer Software: Prepackaged Software","https://www.nasdaq.com/symbol/anss",
"APPF","AppFolio, Inc.","49.25","1680349619.5","n/a","2015","Technology","Computer Software: Prepackaged Software","https://www.nasdaq.com/symbol/appf",
"APPN","Appian Corporation","27.8","1702247681.8","n/a","2017","Technology","Computer Software: Prepackaged Software","https://www.nasdaq.com/symbol/appn",
"AAPL","Apple Inc.","169.1","858015598300","n/a","1980","Technology","Computer Manufacturing","https://www.nasdaq.com/symbol/aapl",
"AMAT","Applied Materials, Inc.","50.91","53490500675.91","n/a","1972","Technology","Semiconductors","https://www.nasdaq.com/symbol/amat",
"AAOI","Applied Optoelectronics, Inc.","31.53","616030081.59","n/a","2013","Technology","Semiconductors","https://www.nasdaq.com/symbol/aaoi",
"APTI","Apptio, Inc.","30.83","1339882528.84","n/a","2016","Technology","Computer Software: Prepackaged Software","https://www.nasdaq.com/symbol/apti",
"AQ","Aquantia Corp.","11.89","398596590.87","n/a","2017","Technology","Semiconductors","https://www.nasdaq.com/symbol/aq",
"ANET","Arista Networks, Inc.","265.27","19726041694.56","n/a","2014","Technology","Computer Communications Equipment","https://www.nasdaq.com/symbol/anet",
"ARRS","ARRIS International plc","26.94","4990330335.54","n/a","n/a","Technology","Radio And Television Broadcasting And Communications Equipment","https://www.nasdaq.com/symbol/arrs",
"ASGN","ASGN Incorporated","80.96","4232673969.92","n/a","1992","Technology","Professional Services","https://www.nasdaq.com/symbol/asgn",
"ASML","ASML Holding N.V.","191.44","14149237168.72","73909513","1995","Technology","Industrial Machinery/Components","https://www.nasdaq.com/symbol/asml",
"AZPN","Aspen Technology, Inc.","88.02","6286708704.78","n/a","1994","Technology","EDP Services","https://www.nasdaq.com/symbol/azpn",
"ALOT","AstroNova, Inc.","18.05","122724946.3","n/a","1983","Technology","Computer peripheral equipment","https://www.nasdaq.com/symbol/alot",
"ASUR","Asure Software Inc","15.82","199079449.52","n/a","n/a","Technology","EDP Services","https://www.nasdaq.com/symbol/asur",
"TEAM","Atlassian Corporation Plc","56.24","13061166858.16","n/a","2015","Technology","Computer Software: Prepackaged Software","https://www.nasdaq.com/symbol/team",
"ATOM","Atomera Incorporated","5.11","63165062.59","n/a","2016","Technology","Semiconductors","https://www.nasdaq.com/symbol/atom",
"ATTU","Attunity Ltd.","9.06","187831630.08","n/a","n/a","Technology","Computer Software: Prepackaged Software","https://www.nasdaq.com/symbol/attu",
"AUO","AU Optronics Corp","4.03","3878570779.33","n/a","2002","Technology","Semiconductors","https://www.nasdaq.com/symbol/auo",
"ADSK","Autodesk, Inc.","127.06","27740738145.72","n/a","n/a","Technology","Computer Software: Prepackaged Software","https://www.nasdaq.com/symbol/adsk",
"ATHM","Autohome Inc.","97.5","11421233460","n/a","2013","Technology","EDP Services","https://www.nasdaq.com/symbol/athm",
"ADP","Automatic Data Processing, Inc.","118.8","52660435251.6","n/a","n/a","Technology","EDP Services","https://www.nasdaq.com/symbol/adp",
"AUTO","AutoWeb, Inc.","3.77","48618768.25","n/a","n/a","Technology","Computer Software: Programming, Data Processing","https://www.nasdaq.com/symbol/auto",
"AVNW","Aviat Networks, Inc.","16.205","86548490.455","n/a","n/a","Technology","Radio And Television Broadcasting And Communications Equipment","https://www.nasdaq.com/symbol/avnw",
"AVID","Avid Technology, Inc.","4.8","199104177.6","n/a","1993","Technology","Computer Software: Prepackaged Software","https://www.nasdaq.com/symbol/avid",
"AWRE","Aware, Inc.","4","86187272","n/a","1996","Technology","Computer Software: Prepackaged Software","https://www.nasdaq.com/symbol/awre",
"ACLS","Axcelis Technologies, Inc.","22.5","723018735","n/a","2000","Technology","Industrial Machinery/Components","https://www.nasdaq.com/symbol/acls",
"AXTI","AXT Inc","6.15","242545342.05","n/a","1998","Technology","Semiconductors","https://www.nasdaq.com/symbol/axti",
"BOSC","B.O.S. Better Online Solutions","2.23","7485416.47","n/a","n/a","Technology","Computer Communications Equipment","https://www.nasdaq.com/symbol/bosc",
"BIDU","Baidu, Inc.","252.13","70782073574.6","280736420","2005","Technology","Computer Software: Programming, Data Processing","https://www.nasdaq.com/symbol/bidu",
"BAND","Bandwidth Inc.","32.16","568989481.44","n/a","2017","Technology","Computer Software: Prepackaged Software","https://www.nasdaq.com/symbol/band",
"BBSI","Barrett Business Services, Inc.","87.97","642954960.06","n/a","1993","Technology","Professional Services","https://www.nasdaq.com/symbol/bbsi",
"BHE","Benchmark Electronics, Inc.","26.7","1270103781","n/a","n/a","Technology","Electrical Products","https://www.nasdaq.com/symbol/bhe",
"BNFT","Benefitfocus, Inc.","30.55","970171339.8","n/a","2013","Technology","Computer Software: Prepackaged Software","https://www.nasdaq.com/symbol/bnft",
"BGSF","BG Staffing Inc","20.29","177820849.85","n/a","n/a","Technology","Professional Services","https://www.nasdaq.com/symbol/bgsf",
"BILI","Bilibili Inc.","10.58","444360000","42000000","2018","Technology","EDP Services","https://www.nasdaq.com/symbol/bili",
"BKYI","BIO-key International, Inc.","2.1783","23227459.0479","n/a","n/a","Technology","Computer Communications Equipment","https://www.nasdaq.com/symbol/bkyi",
"BITA","Bitauto Holdings Limited","20.27","1446271047.21","n/a","2010","Technology","EDP Services","https://www.nasdaq.com/symbol/bita",
"BBOX","Black Box Corporation","2","30278980","n/a","n/a","Technology","Computer Communications Equipment","https://www.nasdaq.com/symbol/bbox",
"BKI","Black Knight, Inc.","48.9","7306223474.7","n/a","2017","Technology","Computer Software: Prepackaged Software","https://www.nasdaq.com/symbol/bki",
"BLKB","Blackbaud, Inc.","100.56","4879687877.28","n/a","2004","Technology","Computer Software: Prepackaged Software","https://www.nasdaq.com/symbol/blkb",
"BB","BlackBerry Limited","10.53","5651669718.63","n/a","n/a","Technology","Computer Software: Prepackaged Software","https://www.nasdaq.com/symbol/bb",
"BL","BlackLine, Inc.","41.57","2221591214.75","n/a","2016","Technology","Computer Software: Prepackaged Software","https://www.nasdaq.com/symbol/bl",
"BDR","Blonder Tongue Laboratories, Inc.","1.0703","8787958.2329","n/a","n/a","Technology","Radio And Television Broadcasting And Communications Equipment","https://www.nasdaq.com/symbol/bdr",
"BRQS","Borqs Technologies, Inc. ","8","250460176","n/a","2015","Technology","EDP Services","https://www.nasdaq.com/symbol/brqs",
"EPAY","Bottomline Technologies, Inc.","39.58","1610132250.58","n/a","1999","Technology","Computer Software: Prepackaged Software","https://www.nasdaq.com/symbol/epay",
"BOX","Box, Inc.","23.28","3201247187.04","n/a","2015","Technology","Computer Software: Prepackaged Software","https://www.nasdaq.com/symbol/box",
"BLIN          ","Bridgeline Digital, Inc.","1.69","7098370.11","n/a","n/a","Technology","Computer Software: Prepackaged Software","https://www.nasdaq.com/symbol/blin",
"BCOV","Brightcove Inc.","9.8","342833880.2","n/a","2012","Technology","EDP Services","https://www.nasdaq.com/symbol/bcov",
"AVGO","Broadcom Inc.","230.38","94629042304.3","n/a","2009","Technology","Semiconductors","https://www.nasdaq.com/symbol/avgo",
"BVSN","BroadVision, Inc.","2.25","11242752.75","n/a","1996","Technology","Computer Software: Prepackaged Software","https://www.nasdaq.com/symbol/bvsn",
"BRKS","Brooks Automation, Inc.","25.66","1807223099.78","n/a","1995","Technology","Industrial Machinery/Components","https://www.nasdaq.com/symbol/brks",
"CA","CA Inc.","34.97","14579839413.88","n/a","n/a","Technology","Computer Software: Prepackaged Software","https://www.nasdaq.com/symbol/ca",
"CCMP","Cabot Microelectronics Corporation","103.7","2655659522","n/a","2000","Technology","Semiconductors","https://www.nasdaq.com/symbol/ccmp",
"CACI","CACI International, Inc.","150","3694185750","n/a","n/a","Technology","EDP Services","https://www.nasdaq.com/symbol/caci",
"CDNS","Cadence Design Systems, Inc.","40.34","11372088040","n/a","n/a","Technology","Computer Software: Prepackaged Software","https://www.nasdaq.com/symbol/cdns",
"CAI","CAI International, Inc.","23.28","477065842.32","n/a","n/a","Technology","Diversified Commercial Services","https://www.nasdaq.com/symbol/cai",
"CAMP","CalAmp Corp.","19.72","702517407.8","n/a","1983","Technology","Radio And Television Broadcasting And Communications Equipment","https://www.nasdaq.com/symbol/camp",
"CSIQ","Canadian Solar Inc.","15.39","901573363.35","n/a","2006","Technology","Semiconductors","https://www.nasdaq.com/symbol/csiq",
"CARB","Carbonite, Inc.","31.5","899273119.5","n/a","2011","Technology","EDP Services","https://www.nasdaq.com/symbol/carb",
"CDLX","Cardlytics, Inc.","14.11","282138720.27","n/a","2018","Technology","Computer Software: Programming, Data Processing","https://www.nasdaq.com/symbol/cdlx",
"CARG","CarGurus, Inc.","31.84","4277430112.32","n/a","2017","Technology","EDP Services","https://www.nasdaq.com/symbol/carg",
"CARS","Cars.com Inc.","28.27","2031612779.13","n/a","2017","Technology","EDP Services","https://www.nasdaq.com/symbol/cars",
"CASA","Casa Systems, Inc.","23.68","1931821054.08","n/a","2017","Technology","Radio And Television Broadcasting And Communications Equipment","https://www.nasdaq.com/symbol/casa",
"CSLT","Castlight Health, inc.","3.85","522560357.55","n/a","2014","Technology","EDP Services","https://www.nasdaq.com/symbol/cslt",
"CAVM","Cavium, Inc.","75.38","5265215584.74","n/a","2007","Technology","Semiconductors","https://www.nasdaq.com/symbol/cavm",
"CLS","Celestica, Inc.","11.5","1428586902","n/a","1998","Technology","Electrical Products","https://www.nasdaq.com/symbol/cls",
"CRNT","Ceragon Networks Ltd.","2.605","203531197.69","n/a","n/a","Technology","Radio And Television Broadcasting And Communications Equipment","https://www.nasdaq.com/symbol/crnt",
"CDAY","Ceridian HCM Holding Inc.","31.48","4192078681.24","n/a","2018","Technology","Computer Software: Prepackaged Software","https://www.nasdaq.com/symbol/cday",
"CERN","Cerner Corporation","58.81","19509383574.2","n/a","1986","Technology","EDP Services","https://www.nasdaq.com/symbol/cern",
"CEVA","CEVA, Inc.","33.3","739946246.4","n/a","n/a","Technology","Semiconductors","https://www.nasdaq.com/symbol/ceva",
"CYOU","Changyou.com Limited","19.55","375656299.8","19215156","2009","Technology","Computer Software: Prepackaged Software","https://www.nasdaq.com/symbol/cyou",
"ECOM          ","ChannelAdvisor Corporation","13.45","363773730.3","n/a","2013","Technology","Computer Software: Prepackaged Software","https://www.nasdaq.com/symbol/ecom",
"CHKP","Check Point Software Technologies Ltd.","98.48","15661736074.24","n/a","1996","Technology","Computer Software: Prepackaged Software","https://www.nasdaq.com/symbol/chkp",
"CMCM","Cheetah Mobile Inc.","12.85","1801635766.3","n/a","2014","Technology","Computer Software: Prepackaged Software","https://www.nasdaq.com/symbol/cmcm",
"CVR","Chicago Rivet & Machine Co.","29.092","28106712.144","n/a","n/a","Technology","Industrial Machinery/Components","https://www.nasdaq.com/symbol/cvr",
"CNIT","China Information Technology, Inc.","1.62","66031464.06","n/a","n/a","Technology","Computer Software: Prepackaged Software","https://www.nasdaq.com/symbol/cnit",
"CCIH","ChinaCache International Holdings Ltd.","1.3","27239040.4","20953108","2010","Technology","EDP Services","https://www.nasdaq.com/symbol/ccih",
"CNET","ChinaNet Online Holdings, Inc.","2.66","42912564.38","n/a","n/a","Technology","Computer Software: Programming, Data Processing","https://www.nasdaq.com/symbol/cnet",
"IMOS","ChipMOS TECHNOLOGIES INC.","13.79","130060191.94","9431486","n/a","Technology","Semiconductors","https://www.nasdaq.com/symbol/imos",
"CRUS","Cirrus Logic, Inc.","37.89","2400950281.59","n/a","1989","Technology","Semiconductors","https://www.nasdaq.com/symbol/crus",
"CSCO","Cisco Systems, Inc.","44.83","215969305490.3","n/a","1990","Technology","Computer Communications Equipment","https://www.nasdaq.com/symbol/csco",
"CISN","Cision Ltd.","13.37","1662829453.67","n/a","2017","Technology","Computer Software: Prepackaged Software","https://www.nasdaq.com/symbol/cisn",
"CTXS","Citrix Systems, Inc.","104.71","14363362526.77","n/a","1995","Technology","Computer Software: Prepackaged Software","https://www.nasdaq.com/symbol/ctxs",
"CLDR","Cloudera, Inc.","14.42","2127216481.6","n/a","2017","Technology","Computer Software: Prepackaged Software","https://www.nasdaq.com/symbol/cldr",
"CTSH","Cognizant Technology Solutions Corporation","81.82","47938206106.16","n/a","1998","Technology","EDP Services","https://www.nasdaq.com/symbol/ctsh",
"CHUBA","CommerceHub, Inc.","22.68","989417041.2","n/a","n/a","Technology","Computer Software: Prepackaged Software","https://www.nasdaq.com/symbol/chuba",
"CHUBK","CommerceHub, Inc.","22.67","988980790.3","n/a","n/a","Technology","Computer Software: Prepackaged Software","https://www.nasdaq.com/symbol/chubk",
"COMM","CommScope Holding Company, Inc.","27.59","5294419523.98","n/a","2013","Technology","Radio And Television Broadcasting And Communications Equipment","https://www.nasdaq.com/symbol/comm",
"CVLT","Commvault Systems, Inc.","67.45","3031356044.05","n/a","2006","Technology","Computer Software: Prepackaged Software","https://www.nasdaq.com/symbol/cvlt",
"CPSI","Computer Programs and Systems, Inc.","30.25","426101167.25","n/a","2002","Technology","EDP Services","https://www.nasdaq.com/symbol/cpsi",
"CTG","Computer Task Group, Incorporated","7.49","114523081.19","n/a","n/a","Technology","EDP Services","https://www.nasdaq.com/symbol/ctg",
"CMTL","Comtech Telecommunications Corp.","30.39","717815234.07","n/a","n/a","Technology","Radio And Television Broadcasting And Communications Equipment","https://www.nasdaq.com/symbol/cmtl",
"CVON","ConvergeOne Holdings, Inc.","8.75","609875000","n/a","2017","Technology","Computer Software: Prepackaged Software","https://www.nasdaq.com/symbol/cvon",
"CVONW","ConvergeOne Holdings, Inc.","1.1008","0","n/a","2017","Technology","Computer Software: Prepackaged Software","https://www.nasdaq.com/symbol/cvonw",
"CVG","Convergys Corporation","23.53","2156013569.58","n/a","1998","Technology","EDP Services","https://www.nasdaq.com/symbol/cvg",
"CLGX","CoreLogic, Inc.","50.15","4094063253.4","n/a","n/a","Technology","EDP Services","https://www.nasdaq.com/symbol/clgx",
"CSOD","Cornerstone OnDemand, Inc.","44.83","2586936220.1","n/a","2011","Technology","Computer Software: Prepackaged Software","https://www.nasdaq.com/symbol/csod",
"CPAH","CounterPath Corporation","2.58","15314549.76","n/a","n/a","Technology","Computer Software: Prepackaged Software","https://www.nasdaq.com/symbol/cpah",
"COUP","Coupa Software Incorporated","47.01","2662123695.81","n/a","2016","Technology","Computer Software: Prepackaged Software","https://www.nasdaq.com/symbol/coup",
"CRAY","Cray Inc","24.35","989705823.05","n/a","n/a","Technology","Computer Manufacturing","https://www.nasdaq.com/symbol/cray",
"CREE","Cree, Inc.","38.96","3915839055.36","n/a","1993","Technology","Semiconductors","https://www.nasdaq.com/symbol/cree",
"CRTO","Criteo S.A.","26.07","1694342091.75","64992025","2013","Technology","Advertising","https://www.nasdaq.com/symbol/crto",
"CCRN","Cross Country Healthcare, Inc.","12.74","460637950.5","n/a","2001","Technology","Professional Services","https://www.nasdaq.com/symbol/ccrn",
"CSGS","CSG Systems International, Inc.","43.63","1469123496.12","n/a","1996","Technology","EDP Services","https://www.nasdaq.com/symbol/csgs",
"CSPI","CSP Inc.","10.99","43774093.16","n/a","1982","Technology","EDP Services","https://www.nasdaq.com/symbol/cspi",
"CTS","CTS Corporation","29.9","987244359.4","n/a","n/a","Technology","Electrical Products","https://www.nasdaq.com/symbol/cts",
"CW","Curtiss-Wright Corporation","126.61","5601760947.42","n/a","n/a","Technology","Industrial Machinery/Components","https://www.nasdaq.com/symbol/cw",
"CVV","CVD Equipment Corporation","8.25","53284390.5","n/a","n/a","Technology","Industrial Machinery/Components","https://www.nasdaq.com/symbol/cvv",
"CYBR","CyberArk Software Ltd.","55.02","1957524833.46","n/a","2014","Technology","Computer Software: Prepackaged Software","https://www.nasdaq.com/symbol/cybr",
"CY","Cypress Semiconductor Corporation","14.85","5317670105.55","n/a","1986","Technology","Semiconductors","https://www.nasdaq.com/symbol/cy",
"CYRN","CYREN Ltd.","3","160149360","n/a","n/a","Technology","Computer Software: Prepackaged Software","https://www.nasdaq.com/symbol/cyrn",
"DQ","DAQO New Energy Corp.","52.45","569806886.95","n/a","2010","Technology","Semiconductors","https://www.nasdaq.com/symbol/dq",
"DWCH","Datawatch Corporation","9.05","111651144.15","n/a","1992","Technology","Computer Software: Prepackaged Software","https://www.nasdaq.com/symbol/dwch",
"DVMT","Dell Technologies Inc.","71.41","14235936979.5","n/a","n/a","Technology","Computer Manufacturing","https://www.nasdaq.com/symbol/dvmt",
"DTRM","Determine, Inc. ","1.48","22045880.2","n/a","n/a","Technology","Computer Software: Prepackaged Software","https://www.nasdaq.com/symbol/dtrm",
"DGII","Digi International Inc.","11.6","313530936.4","n/a","1989","Technology","Computer Communications Equipment","https://www.nasdaq.com/symbol/dgii",
"DMRC","Digimarc Corporation","27.55","326392564","n/a","n/a","Technology","EDP Services","https://www.nasdaq.com/symbol/dmrc",
"DGLY","Digital Ally, Inc.","2.4","16858754.4","n/a","n/a","Technology","Radio And Television Broadcasting And Communications Equipment","https://www.nasdaq.com/symbol/dgly",
"DIOD","Diodes Incorporated","29.08","1440463667.12","n/a","n/a","Technology","Semiconductors","https://www.nasdaq.com/symbol/diod",
"DLHC","DLH Holdings Corp.","5.9622","70845805.7268","n/a","n/a","Technology","Professional Services","https://www.nasdaq.com/symbol/dlhc",
"DOCU","DocuSign, Inc.","39.45","6000701351.85","n/a","1989","Technology","Computer Software: Prepackaged Software","https://www.nasdaq.com/symbol/docu",
"DOV","Dover Corporation","91.85","14207154735.95","n/a","n/a","Technology","Industrial Machinery/Components","https://www.nasdaq.com/symbol/dov",
"DBX","Dropbox, Inc.","30.9","12109803039.9","n/a","2018","Technology","Computer Software: Prepackaged Software","https://www.nasdaq.com/symbol/dbx",
"DSPG","DSP Group, Inc.","11.9","270404711.5","n/a","1994","Technology","Semiconductors","https://www.nasdaq.com/symbol/dspg",
"DXC","DXC Technology Company","102.78","29362998764.7","n/a","n/a","Technology","EDP Services","https://www.nasdaq.com/symbol/dxc",
"ETN","Eaton Corporation, PLC","73.86","32358299249.88","n/a","n/a","Technology","Industrial Machinery/Components","https://www.nasdaq.com/symbol/etn",
"EBIX","Ebix, Inc.","78.3","2465473285.8","n/a","n/a","Technology","EDP Services","https://www.nasdaq.com/symbol/ebix",
"ELON","Echelon Corporation","4.26","19347688.86","n/a","1998","Technology","Computer Communications Equipment","https://www.nasdaq.com/symbol/elon",
"SATS","EchoStar Corporation","52.51","5035526002.65","n/a","n/a","Technology","Radio And Television Broadcasting And Communications Equipment","https://www.nasdaq.com/symbol/sats",
"EDGW","Edgewater Technology, Inc.","5.73","82230101.19","n/a","n/a","Technology","Computer Software: Programming, Data Processing","https://www.nasdaq.com/symbol/edgw",
"EGAN","eGain Corporation","8.9","242828881.6","n/a","1999","Technology","Computer Software: Prepackaged Software","https://www.nasdaq.com/symbol/egan",
"EA","Electronic Arts Inc.","119.83","36755215640.85","n/a","n/a","Technology","Computer Software: Prepackaged Software","https://www.nasdaq.com/symbol/ea",
"EFII","Electronics for Imaging, Inc.","32.33","1446872701.82","n/a","1992","Technology","Computer Communications Equipment","https://www.nasdaq.com/symbol/efii",
"ELLI","Ellie Mae, Inc.","97.99","3361641412.36","n/a","2011","Technology","Computer Software: Prepackaged Software","https://www.nasdaq.com/symbol/elli",
"ELTK","Eltek Ltd.","3.9","7911352.8","n/a","1997","Technology","Electrical Products","https://www.nasdaq.com/symbol/eltk",
"EMAN","eMagin Corporation","1.55","69798564.6","n/a","n/a","Technology","Semiconductors","https://www.nasdaq.com/symbol/eman",
"EMKR","EMCORE Corporation","4.75","129197967","n/a","1997","Technology","Semiconductors","https://www.nasdaq.com/symbol/emkr",
"EIGI","Endurance International Group Holdings, Inc.","7.55","1069294691.8","n/a","2013","Technology","Computer Software: Prepackaged Software","https://www.nasdaq.com/symbol/eigi",
"WATT","Energous Corporation","17.67","446630206.62","n/a","2014","Technology","Radio And Television Broadcasting And Communications Equipment","https://www.nasdaq.com/symbol/watt",
"ERII","Energy Recovery, Inc.","8.05","434583395.75","n/a","2008","Technology","Industrial Machinery/Components","https://www.nasdaq.com/symbol/erii",
"ENPH","Enphase Energy, Inc.","4.06","389066734.7","n/a","2012","Technology","Semiconductors","https://www.nasdaq.com/symbol/enph",
"EPAM","EPAM Systems, Inc.","114.98","6133799311.74","n/a","2012","Technology","EDP Services","https://www.nasdaq.com/symbol/epam",
"PLUS","ePlus inc.","81.5","1121440000","n/a","1996","Technology","Retail: Computer Software & Peripheral Equipment","https://www.nasdaq.com/symbol/plus",
"ERIC","Ericsson","7.51","2347455387.82","312577282","n/a","Technology","Radio And Television Broadcasting And Communications Equipment","https://www.nasdaq.com/symbol/eric",
"EVBG","Everbridge, Inc.","37.79","1078051126.22","n/a","2016","Technology","Computer Software: Prepackaged Software","https://www.nasdaq.com/symbol/evbg",
"MRAM","Everspin Technologies, Inc.","6.93","115375636.53","n/a","2016","Technology","Semiconductors","https://www.nasdaq.com/symbol/mram",
"EVTC","Evertec, Inc.","18.5","1339939108.5","n/a","2013","Technology","EDP Services","https://www.nasdaq.com/symbol/evtc",
"EVOL","Evolving Systems, Inc.","3.75","46983345","n/a","1998","Technology","EDP Services","https://www.nasdaq.com/symbol/evol",
"AQUA","Evoqua Water Technologies Corp.","20.15","2282279513.8","n/a","2017","Technology","Industrial Machinery/Components","https://www.nasdaq.com/symbol/aqua",
"EXTN","Exterran Corporation","29.63","1059595970.71","n/a","2015","Technology","Diversified Commercial Services","https://www.nasdaq.com/symbol/extn",
"EXTR","Extreme Networks, Inc.","10.84","1249499689.16","n/a","1999","Technology","Computer Communications Equipment","https://www.nasdaq.com/symbol/extr",
"FFIV","F5 Networks, Inc.","164.67","10063807050","n/a","1999","Technology","Computer Communications Equipment","https://www.nasdaq.com/symbol/ffiv",
"FB","Facebook, Inc.","173.86","503259980267.28","n/a","2012","Technology","Computer Software: Programming, Data Processing","https://www.nasdaq.com/symbol/fb",
"FDS","FactSet Research Systems Inc.","188.66","7334053737","n/a","1996","Technology","Computer Software: Programming, Data Processing","https://www.nasdaq.com/symbol/fds",
"SFUN","Fang Holdings Limited","5.01","2219051820.15","n/a","2010","Technology","EDP Services","https://www.nasdaq.com/symbol/sfun",
"FNSR","Finisar Corporation","15.73","1804150242.18","n/a","1999","Technology","Semiconductors","https://www.nasdaq.com/symbol/fnsr",
"FEYE","FireEye, Inc.","18.38","3527423891.5","n/a","2013","Technology","Computer peripheral equipment","https://www.nasdaq.com/symbol/feye",
"FSLR","First Solar, Inc.","67.51","7072563834.53","n/a","2006","Technology","Semiconductors","https://www.nasdaq.com/symbol/fslr",
"FISV","Fiserv, Inc.","71.63","29452314182.33","n/a","1986","Technology","EDP Services","https://www.nasdaq.com/symbol/fisv",
"FIT","Fitbit, Inc.","5.5","1325091713","n/a","2015","Technology","Computer Manufacturing","https://www.nasdaq.com/symbol/fit",
"FIVN","Five9, Inc.","30.06","1733069530.62","n/a","2014","Technology","EDP Services","https://www.nasdaq.com/symbol/fivn",
"FLEX","Flex Ltd.","13.69","7223738244.49","n/a","1994","Technology","Electrical Products","https://www.nasdaq.com/symbol/flex",
"FPAY","FlexShopper, Inc.","3.96","20966223.96","n/a","n/a","Technology","Diversified Commercial Services","https://www.nasdaq.com/symbol/fpay",
"FSCT","ForeScout Technologies, Inc.","31.99","1258267724.42","n/a","2017","Technology","Computer peripheral equipment","https://www.nasdaq.com/symbol/fsct",
"FRSX","Foresight Autonomous Holdings Ltd.","3.16","2743199.16","868101","n/a","Technology","Computer Software: Prepackaged Software","https://www.nasdaq.com/symbol/frsx",
"FORM","FormFactor, Inc.","11.45","846119699.65","n/a","2003","Technology","Semiconductors","https://www.nasdaq.com/symbol/form",
"FORTY","Formula Systems (1985) Ltd.","32.57","5690760.68","174724","n/a","Technology","EDP Services","https://www.nasdaq.com/symbol/forty",
"FTNT","Fortinet, Inc.","55.74","9365666845.62","n/a","2009","Technology","Computer peripheral equipment","https://www.nasdaq.com/symbol/ftnt",
"FSNN","Fusion Telecommunications International, Inc.","2.96","105316077.76","n/a","n/a","Technology","Computer Software: Prepackaged Software","https://www.nasdaq.com/symbol/fsnn",
"GDI","Gardner Denver Holdings, Inc.","31.16","6172936033.04","n/a","2017","Technology","Industrial Machinery/Components","https://www.nasdaq.com/symbol/gdi",
"GTES","Gates Industrial Corporation plc","15.5","4491056877.5","n/a","2018","Technology","Industrial Machinery/Components","https://www.nasdaq.com/symbol/gtes",
"GDS","GDS Holdings Limited","27.94","951694850.48","34062092","2016","Technology","Computer Software: Programming, Data Processing","https://www.nasdaq.com/symbol/gds",
"JOB","GEE Group Inc.","2.45","25589189.15","n/a","n/a","Technology","Diversified Commercial Services","https://www.nasdaq.com/symbol/job",
"GFN","General Finance Corporation","9.25","247178259.5","n/a","n/a","Technology","Diversified Commercial Services","https://www.nasdaq.com/symbol/gfn",
"GFNCP","General Finance Corporation","100.01","0","n/a","n/a","Technology","Diversified Commercial Services","https://www.nasdaq.com/symbol/gfncp",
"GFNSL","General Finance Corporation","25.38","0","n/a","n/a","Technology","Diversified Commercial Services","https://www.nasdaq.com/symbol/gfnsl",
"GIGM","GigaMedia Limited","2.62","28956855.7","n/a","n/a","Technology","Computer Software: Programming, Data Processing","https://www.nasdaq.com/symbol/gigm",
"GILT","Gilat Satellite Networks Ltd.","8.51","466348961.63","n/a","n/a","Technology","Radio And Television Broadcasting And Communications Equipment","https://www.nasdaq.com/symbol/gilt",
"GSB","GlobalSCAPE, Inc.","3.82","82404394.42","n/a","n/a","Technology","Computer Software: Prepackaged Software","https://www.nasdaq.com/symbol/gsb",
"GLOB","Globant S.A.","44.8","1628187500.8","n/a","2014","Technology","EDP Services","https://www.nasdaq.com/symbol/glob",
"GLUU","Glu Mobile Inc.","4.39","613108018.99","n/a","2007","Technology","EDP Services","https://www.nasdaq.com/symbol/gluu",
"GDDY","GoDaddy Inc.","64.03","10928346822.45","n/a","2015","Technology","EDP Services","https://www.nasdaq.com/symbol/gddy",
"GHM","Graham Corporation","22.03","215189612.78","n/a","n/a","Technology","Industrial Machinery/Components","https://www.nasdaq.com/symbol/ghm",
"GEC","Great Elm Capital Group, Inc. ","3.95","100521251.1","n/a","n/a","Technology","Computer Software: Prepackaged Software","https://www.nasdaq.com/symbol/gec",
"GSUM","Gridsum Holding Inc.","5.24","83164674.04","15871121","2016","Technology","Computer Software: Prepackaged Software","https://www.nasdaq.com/symbol/gsum",
"GRPN","Groupon, Inc.","4.61","2600539286.05","n/a","2011","Technology","Advertising","https://www.nasdaq.com/symbol/grpn",
"GVP","GSE Systems, Inc.","3.1","60220305.5","n/a","n/a","Technology","Computer Software: Prepackaged Software","https://www.nasdaq.com/symbol/gvp",
"GSIT","GSI Technology, Inc.","7.37","156938607.76","n/a","2007","Technology","Semiconductors","https://www.nasdaq.com/symbol/gsit",
"GWRE","Guidewire Software, Inc.","85.63","6842682424.99","n/a","2012","Technology","Computer Software: Prepackaged Software","https://www.nasdaq.com/symbol/gwre",
"HQCL","Hanwha Q CELLS Co., Ltd. ","7.04","38730736","5501525","n/a","Technology","Semiconductors","https://www.nasdaq.com/symbol/hqcl",
"HLIT","Harmonic Inc.","3.95","336547931.6","n/a","1995","Technology","Radio And Television Broadcasting And Communications Equipment","https://www.nasdaq.com/symbol/hlit",
"HHS","Harte-Hanks, Inc.","8.9","5565846.4","n/a","1993","Technology","Advertising","https://www.nasdaq.com/symbol/hhs",
"HSTM","HealthStream, Inc.","25.14","812008223.28","n/a","2000","Technology","Computer Software: Programming, Data Processing","https://www.nasdaq.com/symbol/hstm",
"HSII","Heidrick & Struggles International, Inc.","37.5","709626112.5","n/a","1999","Technology","Diversified Commercial Services","https://www.nasdaq.com/symbol/hsii",
"HPE","Hewlett Packard Enterprise Company","17.18","26684057141.14","n/a","2015","Technology","Computer Manufacturing","https://www.nasdaq.com/symbol/hpe",
"HIMX","Himax Technologies, Inc.","7","757586396","108226628","2006","Technology","Semiconductors","https://www.nasdaq.com/symbol/himx",
"HDP","Hortonworks, Inc.","17.18","1349561516.78","n/a","2014","Technology","Computer Software: Prepackaged Software","https://www.nasdaq.com/symbol/hdp",
"HPQ","HP Inc.","21.82","35729510192.9","n/a","n/a","Technology","Computer Manufacturing","https://www.nasdaq.com/symbol/hpq",
"HMI","Huami Corporation","8.78","521831538.48","n/a","2018","Technology","Computer Manufacturing","https://www.nasdaq.com/symbol/hmi",
"HUBS","HubSpot, Inc.","105.3","4032561323.7","n/a","2014","Technology","Computer Software: Prepackaged Software","https://www.nasdaq.com/symbol/hubs",
"HSON","Hudson Global, Inc.","1.9","59205043.1","n/a","n/a","Technology","Professional Services","https://www.nasdaq.com/symbol/hson",
"ICHR","Ichor Holdings","22.47","590496657.45","n/a","2016","Technology","Semiconductors","https://www.nasdaq.com/symbol/ichr",
"ICLK","iClick Interactive Asia Group Limited","7.75","33421875","4312500","2017","Technology","Computer Software: Prepackaged Software","https://www.nasdaq.com/symbol/iclk",
"INVE","Identiv, Inc.","3.41","51654932.34","n/a","n/a","Technology","Computer peripheral equipment","https://www.nasdaq.com/symbol/inve",
"IEC","IEC Electronics Corp.","4.43","45271543.3","n/a","n/a","Technology","Electrical Products","https://www.nasdaq.com/symbol/iec",
"INFO","IHS Markit Ltd.","49.41","19755357005.16","n/a","1996","Technology","Computer Software: Programming, Data Processing","https://www.nasdaq.com/symbol/info",
"ITW","Illinois Tool Works Inc.","144","48847139712","n/a","n/a","Technology","Industrial Machinery/Components","https://www.nasdaq.com/symbol/itw",
"IMMR","Immersion Corporation","11.04","325261771.68","n/a","1999","Technology","Computer peripheral equipment","https://www.nasdaq.com/symbol/immr",
"IMPV","Imperva, Inc.","45.3","1576715831.7","n/a","n/a","Technology","Computer Software: Prepackaged Software","https://www.nasdaq.com/symbol/impv",
"INFY","Infosys Limited","17.64","38337385879.8","n/a","n/a","Technology","EDP Services","https://www.nasdaq.com/symbol/infy",
"INOD","Innodata Inc.","1.12","28982748.48","n/a","1993","Technology","EDP Services","https://www.nasdaq.com/symbol/inod",
"ISSC","Innovative Solutions and Support, Inc.","3.37","56752818.63","n/a","2000","Technology","EDP Services","https://www.nasdaq.com/symbol/issc",
"INOV","Inovalon Holdings, Inc.","10.7","1627209604.8","n/a","2015","Technology","EDP Services","https://www.nasdaq.com/symbol/inov",
"IPHI","Inphi Corporation","30.44","1315392183.24","n/a","2010","Technology","Semiconductors","https://www.nasdaq.com/symbol/iphi",
"INPX","Inpixon ","0.364","3426453.212","n/a","2014","Technology","EDP Services","https://www.nasdaq.com/symbol/inpx",
"NSP","Insperity, Inc.","82.4","3461392868","n/a","n/a","Technology","Professional Services","https://www.nasdaq.com/symbol/nsp",
"INSE","Inspired Entertainment, Inc.","4.95","106319936.25","n/a","2014","Technology","Computer Software: Prepackaged Software","https://www.nasdaq.com/symbol/inse",
"INST","Instructure, Inc.","39.25","1345690332","n/a","2015","Technology","Computer Software: Prepackaged Software","https://www.nasdaq.com/symbol/inst",
"IDTI","Integrated Device Technology, Inc.","28.39","3757062618.65","n/a","1984","Technology","Semiconductors","https://www.nasdaq.com/symbol/idti",
"INTC","Intel Corporation","53.33","248517800000","n/a","n/a","Technology","Semiconductors","https://www.nasdaq.com/symbol/intc",
"IDN","Intellicheck, Inc.","2","31217886","n/a","1999","Technology","Computer Software: Prepackaged Software","https://www.nasdaq.com/symbol/idn",
"INS","Intelligent Systems Corporation","5.41","47488915.08","n/a","1992","Technology","Computer Software: Prepackaged Software","https://www.nasdaq.com/symbol/ins",
"LINK","Interlink Electronics, Inc.","5.1126","37559603.4228","n/a","n/a","Technology","Computer peripheral equipment","https://www.nasdaq.com/symbol/link",
"IMI","Intermolecular, Inc.","1.22","60513675.06","n/a","2011","Technology","Semiconductors","https://www.nasdaq.com/symbol/imi",
"INAP","Internap Corporation","11.86","251189213.94","n/a","1999","Technology","Computer Software: Programming, Data Processing","https://www.nasdaq.com/symbol/inap",
"IBM","International Business Machines Corporation","145","133105404370","n/a","n/a","Technology","Computer Manufacturing","https://www.nasdaq.com/symbol/ibm",
"IIJI","Internet Initiative Japan, Inc.","9.4625","15614714.7","1650168","n/a","Technology","Computer Software: Programming, Data Processing","https://www.nasdaq.com/symbol/iiji",
"IPG","Interpublic Group of Companies, Inc. (The)","23.42","9028872615.26","n/a","n/a","Technology","Advertising","https://www.nasdaq.com/symbol/ipg",
"INTX","Intersections, Inc.","1.78","43189893.3","n/a","2004","Technology","EDP Services","https://www.nasdaq.com/symbol/intx",
"INXN","InterXion Holding N.V.","65","4636255000","n/a","2011","Technology","Computer Software: Programming, Data Processing","https://www.nasdaq.com/symbol/inxn",
"IVAC","Intevac, Inc.","4.775","106773646.075","n/a","1995","Technology","Industrial Machinery/Components","https://www.nasdaq.com/symbol/ivac",
"INTU","Intuit Inc.","187.24","47954235623.36","n/a","1993","Technology","Computer Software: Prepackaged Software","https://www.nasdaq.com/symbol/intu",
"IPAS","iPass Inc.","0.2936","21827773.0336","n/a","2003","Technology","EDP Services","https://www.nasdaq.com/symbol/ipas",
"IPGP","IPG Photonics Corporation","233.29","12535322579.1","n/a","2006","Technology","Semiconductors","https://www.nasdaq.com/symbol/ipgp",
"JCOM","j2 Global, Inc.","80.43","3947971698.3","n/a","1999","Technology","Telecommunications Equipment","https://www.nasdaq.com/symbol/jcom",
"JASO","JA Solar Holdings, Co., Ltd.","7.07","284822352.29","40286047","2007","Technology","Semiconductors","https://www.nasdaq.com/symbol/jaso",
"JBL","Jabil Inc.","26.69","4571978690.66","n/a","1993","Technology","Electrical Products","https://www.nasdaq.com/symbol/jbl",
"JKHY","Jack Henry & Associates, Inc.","121.43","9381864552.15","n/a","1985","Technology","EDP Services","https://www.nasdaq.com/symbol/jkhy",
"JT","Jianpu Technology Inc.","5.47","906469473.8","n/a","2017","Technology","Computer Software: Programming, Data Processing","https://www.nasdaq.com/symbol/jt",
"JKS","JinkoSolar Holding Company Limited","17.73","577049764.14","n/a","2010","Technology","Semiconductors","https://www.nasdaq.com/symbol/jks",
"JMU","JMU Limited","0.605","10533365.205","17410521","2015","Technology","EDP Services","https://www.nasdaq.com/symbol/jmu",
"JBT","John Bean Technologies Corporation","108.75","3434018542.5","n/a","n/a","Technology","Industrial Machinery/Components","https://www.nasdaq.com/symbol/jbt",
"JNPR","Juniper Networks, Inc.","24.74","8634837901.66","n/a","1999","Technology","Computer Communications Equipment","https://www.nasdaq.com/symbol/jnpr",
"KAI","Kadant Inc","94.75","1050797302.75","n/a","n/a","Technology","Industrial Machinery/Components","https://www.nasdaq.com/symbol/kai",
"KELYA","Kelly Services, Inc.","29.1","1118300690.7","n/a","n/a","Technology","Professional Services","https://www.nasdaq.com/symbol/kelya",
"KELYB","Kelly Services, Inc.","29","1114457733","n/a","n/a","Technology","Professional Services","https://www.nasdaq.com/symbol/kelyb",
"KTCC","Key Tronic Corporation","7.08","76178534.4","n/a","1983","Technology","Computer peripheral equipment","https://www.nasdaq.com/symbol/ktcc",
"KFRC","Kforce, Inc.","26.5","695905926.5","n/a","1995","Technology","Professional Services","https://www.nasdaq.com/symbol/kfrc",
"KE","Kimball Electronics, Inc.","16","427114384","n/a","n/a","Technology","Electrical Products","https://www.nasdaq.com/symbol/ke",
"KONE","Kingtone Wirelessinfo Solution Holding Ltd","5.92","4229100","714375","2010","Technology","EDP Services","https://www.nasdaq.com/symbol/kone",
"KOPN","Kopin Corporation","3.33","254826691.56","n/a","1992","Technology","Semiconductors","https://www.nasdaq.com/symbol/kopn",
"KFY","Korn/Ferry International","53.75","3038214826.25","n/a","1999","Technology","Diversified Commercial Services","https://www.nasdaq.com/symbol/kfy",
"KLIC","Kulicke and Soffa Industries, Inc.","23.24","1641017325.64","n/a","n/a","Technology","Semiconductors","https://www.nasdaq.com/symbol/klic",
"KVHI","KVH Industries, Inc.","10.5","183820738.5","n/a","1996","Technology","Radio And Television Broadcasting And Communications Equipment","https://www.nasdaq.com/symbol/kvhi",
"KYO","Kyocera Corporation","61.8","22724339444.4","n/a","n/a","Technology","Semiconductors","https://www.nasdaq.com/symbol/kyo",
"LLL","L3 Technologies, Inc.","186.98","14637724438.52","n/a","n/a","Technology","Radio And Television Broadcasting And Communications Equipment","https://www.nasdaq.com/symbol/lll",
"LRCX","Lam Research Corporation","190.39","31232566579.95","n/a","1984","Technology","Industrial Machinery/Components","https://www.nasdaq.com/symbol/lrcx",
"LTRX","Lantronix, Inc.","2.35","42883429.8","n/a","2000","Technology","Computer Communications Equipment","https://www.nasdaq.com/symbol/ltrx",
"LSCC","Lattice Semiconductor Corporation","5.44","675711702.4","n/a","n/a","Technology","Semiconductors","https://www.nasdaq.com/symbol/lscc",
"LFGR","Leaf Group Ltd.","7.4","181018541","n/a","n/a","Technology","EDP Services","https://www.nasdaq.com/symbol/lfgr",
"LDOS","Leidos Holdings, Inc.","63.48","9626995221.72","n/a","n/a","Technology","EDP Services","https://www.nasdaq.com/symbol/ldos",
"LTRPA","Liberty TripAdvisor Holdings, Inc.","9.2","690524400","n/a","n/a","Technology","EDP Services","https://www.nasdaq.com/symbol/ltrpa",
"LTRPB","Liberty TripAdvisor Holdings, Inc.","9.75","731805750","n/a","n/a","Technology","EDP Services","https://www.nasdaq.com/symbol/ltrpb",
"LPTH","LightPath Technologies, Inc.","2.01","51713241.81","n/a","1996","Technology","Semiconductors","https://www.nasdaq.com/symbol/lpth",
"LECO","Lincoln Electric Holdings, Inc.","83.68","5490988213.12","n/a","n/a","Technology","Industrial Machinery/Components","https://www.nasdaq.com/symbol/leco",
"LN","LINE Corporation","36.48","8674126848","n/a","2016","Technology","Computer Software: Programming, Data Processing","https://www.nasdaq.com/symbol/ln",
"LKM","Link Motion Inc.","1.98","193481542.98","n/a","2011","Technology","Computer Software: Prepackaged Software","https://www.nasdaq.com/symbol/lkm",
"LIQT","LiqTech International, Inc.","0.4099","18235905.833","n/a","n/a","Technology","Industrial Machinery/Components","https://www.nasdaq.com/symbol/liqt",
"LPSN","LivePerson, Inc.","16.75","1007186277","n/a","2000","Technology","Computer Software: Prepackaged Software","https://www.nasdaq.com/symbol/lpsn",
"LOGI","Logitech International S.A.","37.29","6119695088.1","n/a","1997","Technology","Computer peripheral equipment","https://www.nasdaq.com/symbol/logi",
"LOGM","LogMein, Inc.","110.6","5773320000","n/a","2009","Technology","Computer Software: Prepackaged Software","https://www.nasdaq.com/symbol/logm",
"LFIN","LongFin Corp","28.189","2101235938.921","n/a","2017","Technology","EDP Services","https://www.nasdaq.com/symbol/lfin",
"LORL","Loral Space and Communications, Inc.","38.9","1203284013.9","n/a","n/a","Technology","Radio And Television Broadcasting And Communications Equipment","https://www.nasdaq.com/symbol/lorl",
"LXFT","Luxoft Holding, Inc.","40.75","1379061581.5","n/a","2013","Technology","EDP Services","https://www.nasdaq.com/symbol/lxft",
"MTSI","MACOM Technology Solutions Holdings, Inc.","17.52","1128387390.96","n/a","2012","Technology","Semiconductors","https://www.nasdaq.com/symbol/mtsi",
"MGIC","Magic Software Enterprises Ltd.","8.15","362581910.7","n/a","1991","Technology","Computer Software: Prepackaged Software","https://www.nasdaq.com/symbol/mgic",
"MX","MagnaChip Semiconductor Corporation","10.9","374100807.5","n/a","2011","Technology","Semiconductors","https://www.nasdaq.com/symbol/mx",
"MNGA","MagneGas Corporation","0.5998","6813819.7694","n/a","n/a","Technology","Industrial Machinery/Components","https://www.nasdaq.com/symbol/mnga",
"MJCO","Majesco","5.16","188564073","n/a","2015","Technology","Computer Software: Prepackaged Software","https://www.nasdaq.com/symbol/mjco",
"MAMS","MAM Software Group, Inc.","7.81","98231305.92","n/a","n/a","Technology","Computer Software: Prepackaged Software","https://www.nasdaq.com/symbol/mams",
"MANH","Manhattan Associates, Inc.","42.94","2869264583.74","n/a","1998","Technology","Computer Software: Prepackaged Software","https://www.nasdaq.com/symbol/manh",
"MNTX","Manitex International, Inc.","10.65","177524700.9","n/a","n/a","Technology","Industrial Machinery/Components","https://www.nasdaq.com/symbol/mntx",
"MAN","ManpowerGroup","96.22","6365272931.5","n/a","n/a","Technology","Professional Services","https://www.nasdaq.com/symbol/man",
"MRIN","Marin Software Incorporated","7.75","44546418.75","n/a","2013","Technology","EDP Services","https://www.nasdaq.com/symbol/mrin",
"MRVL","Marvell Technology Group Ltd.","20.32","10088880000","n/a","2000","Technology","Semiconductors","https://www.nasdaq.com/symbol/mrvl",
"MTCH","Match Group, Inc.","36.71","10102390168.42","n/a","2015","Technology","Computer Software: Programming, Data Processing","https://www.nasdaq.com/symbol/mtch",
"MTLS","Materialise NV","12.09","162614973.3","13450370","2014","Technology","Computer Software: Prepackaged Software","https://www.nasdaq.com/symbol/mtls",
"MATR","Mattersight Corporation","2.65","87959923.6","n/a","n/a","Technology","EDP Services","https://www.nasdaq.com/symbol/matr",
"MAXR","Maxar Technologies Ltd.","44.53","2510100615.62","n/a","n/a","Technology","Radio And Television Broadcasting And Communications Equipment","https://www.nasdaq.com/symbol/maxr",
"MXIM","Maxim Integrated Products, Inc.","55.29","15463383516.27","n/a","1988","Technology","Semiconductors","https://www.nasdaq.com/symbol/mxim",
"MXL","MaxLinear, Inc","23.32","1587875567.08","n/a","2010","Technology","Semiconductors","https://www.nasdaq.com/symbol/mxl",
"MGRC","McGrath RentCorp","59.49","1434869828.37","n/a","1984","Technology","Diversified Commercial Services","https://www.nasdaq.com/symbol/mgrc",
"MDCA","MDC Partners Inc.","7.3","364526193.5","n/a","n/a","Technology","Advertising","https://www.nasdaq.com/symbol/mdca",
"MTBC","Medical Transcription Billing, Corp.","3.38","39428288.12","n/a","2014","Technology","Computer Software: Prepackaged Software","https://www.nasdaq.com/symbol/mtbc",
"MTBCP","Medical Transcription Billing, Corp.","25.5","23697124.5","n/a","n/a","Technology","Computer Software: Prepackaged Software","https://www.nasdaq.com/symbol/mtbcp",
"MDSO","Medidata Solutions, Inc.","72.04","4264630763.8","n/a","2009","Technology","Computer Software: Prepackaged Software","https://www.nasdaq.com/symbol/mdso",
"MLNX","Mellanox Technologies, Ltd.","78.8","4110167812","n/a","2007","Technology","Semiconductors","https://www.nasdaq.com/symbol/mlnx",
"MFGP","Micro Focus Intl PLC","17.26","7530012225.88","n/a","2017","Technology","Computer Software: Prepackaged Software","https://www.nasdaq.com/symbol/mfgp",
"MCHP","Microchip Technology Incorporated","85.02","19923847046.22","n/a","1993","Technology","Semiconductors","https://www.nasdaq.com/symbol/mchp",
"MU","Micron Technology, Inc.","46.79","54265383247.71","n/a","n/a","Technology","Semiconductors","https://www.nasdaq.com/symbol/mu",
"MSCC","Microsemi Corporation","65.05","7673271394.55","n/a","n/a","Technology","Semiconductors","https://www.nasdaq.com/symbol/mscc",
"MSFT","Microsoft Corporation","95","729903762785","n/a","1986","Technology","Computer Software: Prepackaged Software","https://www.nasdaq.com/symbol/msft",
"MSTR","MicroStrategy Incorporated","130.82","1497495755.08","n/a","1998","Technology","Computer Software: Prepackaged Software","https://www.nasdaq.com/symbol/mstr",
"MCRN","Milacron Holdings Corp.","18.15","1260501037.95","n/a","2015","Technology","Industrial Machinery/Components","https://www.nasdaq.com/symbol/mcrn",
"MIME","Mimecast Limited","38.05","2199733967.4","n/a","2015","Technology","Computer Software: Prepackaged Software","https://www.nasdaq.com/symbol/mime",
"MNDO","MIND C.T.I. Ltd.","2.211","42688701.198","n/a","n/a","Technology","EDP Services","https://www.nasdaq.com/symbol/mndo",
"MB","MINDBODY, Inc.","39.3","1863268648.8","n/a","2015","Technology","EDP Services","https://www.nasdaq.com/symbol/mb",
"MIND","Mitcham Industries, Inc.","3.28","39653228.72","n/a","1994","Technology","Diversified Commercial Services","https://www.nasdaq.com/symbol/mind",
"MINDP","Mitcham Industries, Inc.","22.9","0","n/a","n/a","Technology","Diversified Commercial Services","https://www.nasdaq.com/symbol/mindp",
"MITK","Mitek Systems, Inc.","7.95","277477387.2","n/a","n/a","Technology","Computer peripheral equipment","https://www.nasdaq.com/symbol/mitk",
"MITL","Mitel Networks Corporation","11.2","1357019339.2","n/a","n/a","Technology","Radio And Television Broadcasting And Communications Equipment","https://www.nasdaq.com/symbol/mitl",
"MIXT","MiX Telematics Limited","16.89","377917617.81","n/a","2013","Technology","Computer Software: Prepackaged Software","https://www.nasdaq.com/symbol/mixt",
"MOBL","MobileIron, Inc.","4.55","457889955.25","n/a","2014","Technology","Computer Software: Prepackaged Software","https://www.nasdaq.com/symbol/mobl",
"MODN","Model N, Inc.","17.25","508583820","n/a","2013","Technology","Computer Software: Programming, Data Processing","https://www.nasdaq.com/symbol/modn",
"MOMO","Momo Inc.","35.58","5080627954.2","142794490","2014","Technology","Computer Software: Prepackaged Software","https://www.nasdaq.com/symbol/momo",
"MDB","MongoDB, Inc.","36.51","1846524100.95","n/a","2017","Technology","Computer Software: Prepackaged Software","https://www.nasdaq.com/symbol/mdb",
"MPWR","Monolithic Power Systems, Inc.","119.12","5018792667.04","n/a","2004","Technology","Semiconductors","https://www.nasdaq.com/symbol/mpwr",
"TYPE","Monotype Imaging Holdings Inc.","21.55","908371936.5","n/a","2007","Technology","EDP Services","https://www.nasdaq.com/symbol/type",
"MOSY","MoSys, Inc.","1.37","11169367.51","n/a","2001","Technology","Semiconductors","https://www.nasdaq.com/symbol/mosy",
"MSI","Motorola Solutions, Inc.","108.48","17540724477.12","n/a","n/a","Technology","Radio And Television Broadcasting And Communications Equipment","https://www.nasdaq.com/symbol/msi",
"MOXC","Moxian, Inc.","2.89","193650805.11","n/a","n/a","Technology","Computer Software: Programming, Data Processing","https://www.nasdaq.com/symbol/moxc",
"MULE","MuleSoft, Inc.","44.57","5952865694.05","n/a","2017","Technology","Computer Software: Prepackaged Software","https://www.nasdaq.com/symbol/mule",
"MYSZ","My Size, Inc.","1.15","33517816.05","n/a","n/a","Technology","Computer Software: Prepackaged Software","https://www.nasdaq.com/symbol/mysz",
"NNDM","Nano Dimension Ltd.","1.37","3232643.78","2359594","n/a","Technology","Electrical Products","https://www.nasdaq.com/symbol/nndm",
"NH","NantHealth, Inc.","3.39","368083586.31","n/a","2016","Technology","EDP Services","https://www.nasdaq.com/symbol/nh",
"NATI","National Instruments Corporation","40.76","5347859836.52","n/a","1995","Technology","Computer Software: Prepackaged Software","https://www.nasdaq.com/symbol/nati",
"NPTN","NeoPhotonics Corporation","5.45","241541912.65","n/a","2011","Technology","Semiconductors","https://www.nasdaq.com/symbol/nptn",
"NETE","Net Element, Inc.","8.4","32443756.8","n/a","n/a","Technology","EDP Services","https://www.nasdaq.com/symbol/nete",
"NTAP","NetApp, Inc.","67.85","18178555737.8","n/a","1995","Technology","Electronic Components","https://www.nasdaq.com/symbol/ntap",
"NLST","Netlist, Inc.","0.1586","13546847.548","n/a","2006","Technology","Semiconductors","https://www.nasdaq.com/symbol/nlst",
"NTCT","NetScout Systems, Inc.","27.2","2373665283.2","n/a","1999","Technology","EDP Services","https://www.nasdaq.com/symbol/ntct",
"NTWK","NetSol Technologies Inc.","4.6","52418844.6","n/a","n/a","Technology","Computer Software: Prepackaged Software","https://www.nasdaq.com/symbol/ntwk",
"NEWR","New Relic, Inc.","70.33","3899189442.2","n/a","2014","Technology","Computer Software: Prepackaged Software","https://www.nasdaq.com/symbol/newr",
"NICE","NICE Ltd","96.84","4076240508.36","42092529","n/a","Technology","Computer Manufacturing","https://www.nasdaq.com/symbol/nice",
"LASR","nLIGHT, Inc.","26.87","903400219.89","n/a","2018","Technology","Semiconductors","https://www.nasdaq.com/symbol/lasr",
"NOK","Nokia Corporation","5.93","33394834487.87","n/a","1994","Technology","Radio And Television Broadcasting And Communications Equipment","https://www.nasdaq.com/symbol/nok",
"NUAN","Nuance Communications, Inc.","14.77","4337939104.1","n/a","n/a","Technology","Computer Software: Prepackaged Software","https://www.nasdaq.com/symbol/nuan",
"NTNX","Nutanix, Inc.","51.91","8529260204.65","n/a","2016","Technology","Computer Software: Prepackaged Software","https://www.nasdaq.com/symbol/ntnx",
"NVEC","NVE Corporation","87","421254870","n/a","n/a","Technology","Semiconductors","https://www.nasdaq.com/symbol/nvec",
"NVDA","NVIDIA Corporation","227.14","137882261070.12","n/a","1999","Technology","Semiconductors","https://www.nasdaq.com/symbol/nvda",
"NXPI","NXP Semiconductors N.V.","103.99","35660707524.08","n/a","2010","Technology","Semiconductors","https://www.nasdaq.com/symbol/nxpi",
"OIIM","O2Micro International Limited","1.33","44386744.36","33373492","n/a","Technology","Semiconductors","https://www.nasdaq.com/symbol/oiim",
"OCLR","Oclaro, Inc.","8.01","1361153998.35","n/a","n/a","Technology","Semiconductors","https://www.nasdaq.com/symbol/oclr",
"OKTA","Okta, Inc.","43.44","4546300905.36","n/a","2017","Technology","Computer Software: Prepackaged Software","https://www.nasdaq.com/symbol/okta",
"OMCL","Omnicell, Inc.","43.5","1690309732.5","n/a","2001","Technology","Computer Manufacturing","https://www.nasdaq.com/symbol/omcl",
"OMC","Omnicom Group Inc.","74.22","16869433221.36","n/a","n/a","Technology","Advertising","https://www.nasdaq.com/symbol/omc",
"ON","ON Semiconductor Corporation","22.16","9472497090.8","n/a","n/a","Technology","Semiconductors","https://www.nasdaq.com/symbol/on",
"OTIV","On Track Innovations Ltd","1.05","43233096.9","n/a","n/a","Technology","Semiconductors","https://www.nasdaq.com/symbol/otiv",
"OSS","One Stop Systems, Inc.","4.55","58118464.95","n/a","2018","Technology","Computer Manufacturing","https://www.nasdaq.com/symbol/oss",
"OOMA","Ooma, Inc.","10.75","209587901.75","n/a","2015","Technology","EDP Services","https://www.nasdaq.com/symbol/ooma",
"OTEX","Open Text Corporation","35.83","9576156616.86","n/a","1996","Technology","EDP Services","https://www.nasdaq.com/symbol/otex",
"ORCL","Oracle Corporation","45.95","187582282350","n/a","1986","Technology","Computer Software: Prepackaged Software","https://www.nasdaq.com/symbol/orcl",
"OSIS","OSI Systems, Inc.","65.99","1255092515.65","n/a","1997","Technology","Semiconductors","https://www.nasdaq.com/symbol/osis",
"PFIN","P & F Industries, Inc.","8.23","29501842.33","n/a","n/a","Technology","Industrial Machinery/Components","https://www.nasdaq.com/symbol/pfin",
"PAGS","PagSeguro Digital Ltd.","34.39","10837667007.3","n/a","2018","Technology","EDP Services","https://www.nasdaq.com/symbol/pags",
"PANW","Palo Alto Networks, Inc.","194.12","17829588695.96","n/a","2012","Technology","Computer peripheral equipment","https://www.nasdaq.com/symbol/panw",
"TEUM","Pareteum Corporation","2.88","147037089.6","n/a","n/a","Technology","EDP Services","https://www.nasdaq.com/symbol/teum",
"PCYG","Park City Group, Inc.","8.8","172815931.2","n/a","n/a","Technology","EDP Services","https://www.nasdaq.com/symbol/pcyg",
"PKE","Park Electrochemical Corporation","17.21","348286445.66","n/a","n/a","Technology","Electrical Products","https://www.nasdaq.com/symbol/pke",
"PRKR","ParkerVision, Inc.","0.76","18093126.96","n/a","1993","Technology","Radio And Television Broadcasting And Communications Equipment","https://www.nasdaq.com/symbol/prkr",
"PAYC","Paycom Software, Inc.","112.59","6650065862.55","n/a","2014","Technology","Computer Software: Prepackaged Software","https://www.nasdaq.com/symbol/payc",
"PCTY","Paylocity Holding Corporation","53.82","2831133609.72","n/a","2014","Technology","Computer Software: Prepackaged Software","https://www.nasdaq.com/symbol/pcty",
"PCTI","PC-Tel, Inc.","7.03","128591220.43","n/a","1999","Technology","Radio And Television Broadcasting And Communications Equipment","https://www.nasdaq.com/symbol/pcti",
"PDFS","PDF Solutions, Inc.","11.49","367269404.85","n/a","2001","Technology","EDP Services","https://www.nasdaq.com/symbol/pdfs",
"PEGA","Pegasystems Inc.","62.5","4912414812.5","n/a","1996","Technology","EDP Services","https://www.nasdaq.com/symbol/pega",
"PNR","Pentair plc.","44.82","7995277058.58","n/a","n/a","Technology","Industrial Machinery/Components","https://www.nasdaq.com/symbol/pnr",
"PRFT","Perficient, Inc.","23.85","833702579.55","n/a","1999","Technology","EDP Services","https://www.nasdaq.com/symbol/prft",
"PERI","Perion Network Ltd","0.723","56068699.887","n/a","n/a","Technology","EDP Services","https://www.nasdaq.com/symbol/peri",
"PLAB","Photronics, Inc.","7.85","548549176.6","n/a","1987","Technology","Semiconductors","https://www.nasdaq.com/symbol/plab",
"PVTL","Pivotal Software, Inc.","18.3","4581155973.6","n/a","2018","Technology","Computer Software: Prepackaged Software","https://www.nasdaq.com/symbol/pvtl",
"PXLW","Pixelworks, Inc.","4.34","154426426.84","n/a","2000","Technology","Semiconductors","https://www.nasdaq.com/symbol/pxlw",
"PLXS","Plexus Corp.","56.24","1872398320","n/a","n/a","Technology","Electrical Products","https://www.nasdaq.com/symbol/plxs",
"PNTR","Pointer Telocation Ltd.","14.35","117667890.55","n/a","n/a","Technology","Radio And Television Broadcasting And Communications Equipment","https://www.nasdaq.com/symbol/pntr",
"POWI","Power Integrations, Inc.","68.75","2033700693.75","n/a","1997","Technology","Semiconductors","https://www.nasdaq.com/symbol/powi",
"PSDO","Presidio, Inc.","15.09","1387456991.4","n/a","2017","Technology","Retail: Computer Software & Peripheral Equipment","https://www.nasdaq.com/symbol/psdo",
"IPDN","Professional Diversity Network, Inc.","2.85","12354447.9","n/a","2013","Technology","Computer Software: Programming, Data Processing","https://www.nasdaq.com/symbol/ipdn",
"PRGS","Progress Software Corporation","37.07","1685285125.59","n/a","1991","Technology","Computer Software: Prepackaged Software","https://www.nasdaq.com/symbol/prgs",
"PFPT","Proofpoint, Inc.","118.87","6041922220.34","n/a","2012","Technology","EDP Services","https://www.nasdaq.com/symbol/pfpt",
"PRO","PROS Holdings, Inc.","30.06","979623055.44","n/a","2007","Technology","EDP Services","https://www.nasdaq.com/symbol/pro",
"PTC","PTC Inc.","82.83","9631839336.9","n/a","n/a","Technology","Computer Software: Prepackaged Software","https://www.nasdaq.com/symbol/ptc",
"PSTG","Pure Storage, Inc. ","20.29","4651245634.54","n/a","2015","Technology","Electronic Components","https://www.nasdaq.com/symbol/pstg",
"QTWO","Q2 Holdings, Inc.","50.1","2105616577.5","n/a","2014","Technology","Computer Software: Prepackaged Software","https://www.nasdaq.com/symbol/qtwo",
"QADA","QAD Inc.","44.75","869221449.25","n/a","n/a","Technology","Computer Software: Prepackaged Software","https://www.nasdaq.com/symbol/qada",
"QADB","QAD Inc.","33.51","650896329.93","n/a","n/a","Technology","Computer Software: Prepackaged Software","https://www.nasdaq.com/symbol/qadb",
"QRVO","Qorvo, Inc.","71.8","9082240408.2","n/a","n/a","Technology","Semiconductors","https://www.nasdaq.com/symbol/qrvo",
"QCOM","QUALCOMM Incorporated","50.82","75346865895.84","n/a","1991","Technology","Radio And Television Broadcasting And Communications Equipment","https://www.nasdaq.com/symbol/qcom",
"QSII","Quality Systems, Inc.","13.71","873517911.75","n/a","1982","Technology","EDP Services","https://www.nasdaq.com/symbol/qsii",
"QBAK","Qualstar Corporation","10.721","21930009.199","n/a","2000","Technology","Electronic Components","https://www.nasdaq.com/symbol/qbak",
"QLYS","Qualys, Inc.","77.3","3013067965.1","n/a","2012","Technology","Computer Software: Prepackaged Software","https://www.nasdaq.com/symbol/qlys",
"QTNA","Quantenna Communications, Inc.","15.13","547982092.24","n/a","2016","Technology","Semiconductors","https://www.nasdaq.com/symbol/qtna",
"QTM","Quantum Corporation","3.93","136268364.12","n/a","n/a","Technology","Electronic Components","https://www.nasdaq.com/symbol/qtm",
"QRHC","Quest Resource Holding Corporation.","1.851","28324844.205","n/a","n/a","Technology","Diversified Commercial Services","https://www.nasdaq.com/symbol/qrhc",
"QUIK","QuickLogic Corporation","1.42","114410163.96","n/a","1999","Technology","Semiconductors","https://www.nasdaq.com/symbol/quik",
"QUMU","Qumu Corporation","1.83","17161368.51","n/a","n/a","Technology","Computer Software: Prepackaged Software","https://www.nasdaq.com/symbol/qumu",
"RDCM","Radcom Ltd.","19","257131883","n/a","1997","Technology","Computer peripheral equipment","https://www.nasdaq.com/symbol/rdcm",
"RSYS","RadiSys Corporation","0.77","30361761.43","n/a","1995","Technology","Computer peripheral equipment","https://www.nasdaq.com/symbol/rsys",
"RMBS","Rambus, Inc.","13.72","1516521060.6","n/a","1997","Technology","Semiconductors","https://www.nasdaq.com/symbol/rmbs",
"RPD","Rapid7, Inc.","28.54","1313243983.7","n/a","2015","Technology","Computer Software: Prepackaged Software","https://www.nasdaq.com/symbol/rpd",
"RCMT","RCM Technologies, Inc.","5.14","62912356.12","n/a","n/a","Technology","Professional Services","https://www.nasdaq.com/symbol/rcmt",
"RNWK","RealNetworks, Inc.","3.54","132188509.98","n/a","1997","Technology","EDP Services","https://www.nasdaq.com/symbol/rnwk",
"RP","RealPage, Inc.","54.05","4608944141.1","n/a","2010","Technology","Computer Software: Prepackaged Software","https://www.nasdaq.com/symbol/rp",
"RHT","Red Hat, Inc.","163.14","28985567836.38","n/a","n/a","Technology","Computer Software: Programming, Data Processing","https://www.nasdaq.com/symbol/rht",
"RDVT","Red Violet, Inc.","6.09","62523667.08","n/a","n/a","Technology","Computer Software: Prepackaged Software","https://www.nasdaq.com/symbol/rdvt",
"RWC","RELM Wireless Corporation","3.85","53301648.4","n/a","n/a","Technology","Radio And Television Broadcasting And Communications Equipment","https://www.nasdaq.com/symbol/rwc",
"SOL","Renesola Ltd.","2.9","168654111","n/a","2008","Technology","Semiconductors","https://www.nasdaq.com/symbol/sol",
"RENN","Renren Inc.","8.45","577439123.95","n/a","2011","Technology","EDP Services","https://www.nasdaq.com/symbol/renn",
"RCII","Rent-A-Center Inc.","9.425","503426016.925","n/a","1995","Technology","Diversified Commercial Services","https://www.nasdaq.com/symbol/rcii",
"RESN","Resonant Inc.","4.31","114862215.46","n/a","2014","Technology","Semiconductors","https://www.nasdaq.com/symbol/resn",
"RXN","Rexnord Corporation","27.91","2902045489.09","n/a","2012","Technology","Industrial Machinery/Components","https://www.nasdaq.com/symbol/rxn",
"RBBN","Ribbon Communications Inc. ","5.77","588127791.2","n/a","n/a","Technology","EDP Services","https://www.nasdaq.com/symbol/rbbn",
"RNG","Ringcentral, Inc.","68.05","5353139299.75","n/a","2013","Technology","EDP Services","https://www.nasdaq.com/symbol/rng",
"RHI","Robert Half International Inc.","60.77","7513115667.68","n/a","n/a","Technology","Professional Services","https://www.nasdaq.com/symbol/rhi",
"RST","Rosetta Stone","13.68","307437986.16","n/a","2009","Technology","Computer Software: Prepackaged Software","https://www.nasdaq.com/symbol/rst",
"RBCN","Rubicon Technology, Inc.","6.938","19016426.642","n/a","2007","Technology","Semiconductors","https://www.nasdaq.com/symbol/rbcn",
"RMBL","RumbleOn, Inc.","4.86","62832709.26","n/a","n/a","Technology","EDP Services","https://www.nasdaq.com/symbol/rmbl",
"SABR","Sabre Corporation","23.55","6844155070.8","n/a","2014","Technology","Computer Software: Programming, Data Processing","https://www.nasdaq.com/symbol/sabr",
"SAIL","SailPoint Technologies Holdings, Inc.","23.9","2084202368","n/a","2017","Technology","Computer Software: Prepackaged Software","https://www.nasdaq.com/symbol/sail",
"CRM","Salesforce.com Inc","123.11","91066937571.48","n/a","2004","Technology","Computer Software: Prepackaged Software","https://www.nasdaq.com/symbol/crm",
"SANM","Sanmina Corporation","30.3","2158756648.2","n/a","1993","Technology","Electrical Products","https://www.nasdaq.com/symbol/sanm",
"SAP","SAP SE","111.72","133327233747.96","n/a","n/a","Technology","Computer Software: Prepackaged Software","https://www.nasdaq.com/symbol/sap",
"SPNS","Sapiens International Corporation N.V.","8.81","438553474.55","n/a","1992","Technology","Computer Software: Prepackaged Software","https://www.nasdaq.com/symbol/spns",
"SCSC","ScanSource, Inc.","34.25","875818908.75","n/a","n/a","Technology","Retail: Computer Software & Peripheral Equipment","https://www.nasdaq.com/symbol/scsc",
"SAIC","SCIENCE APPLICATIONS INTERNATIONAL CORPORATION","85.9","3630230379.8","n/a","n/a","Technology","EDP Services","https://www.nasdaq.com/symbol/saic",
"SGMS","Scientific Games Corp","53.7","4831138221","n/a","n/a","Technology","EDP Services","https://www.nasdaq.com/symbol/sgms",
"SEAC","SeaChange International, Inc.","3.18","113253779.28","n/a","1996","Technology","Radio And Television Broadcasting And Communications Equipment","https://www.nasdaq.com/symbol/seac",
"STX","Seagate Technology PLC","54.21","15440493408.21","n/a","2002","Technology","Electronic Components","https://www.nasdaq.com/symbol/stx",
"SCWX","SecureWorks Corp.","11.03","901950730.15","n/a","2016","Technology","Computer Software: Prepackaged Software","https://www.nasdaq.com/symbol/scwx",
"SMI","Semiconductor  Manufacturing International Corporation","6.45","6361416712.65","n/a","2004","Technology","Semiconductors","https://www.nasdaq.com/symbol/smi",
"LEDS","SemiLEDS Corporation","4.87","17265562.3","n/a","2010","Technology","Semiconductors","https://www.nasdaq.com/symbol/leds",
"SMTC","Semtech Corporation","40.35","2684127272.7","n/a","n/a","Technology","Semiconductors","https://www.nasdaq.com/symbol/smtc",
"SEND","SendGrid, Inc.","28.75","1233552473.75","n/a","2017","Technology","Computer Software: Prepackaged Software","https://www.nasdaq.com/symbol/send",
"SQNS","Sequans Communications S.A.","1.6","151125516.8","n/a","2011","Technology","Semiconductors","https://www.nasdaq.com/symbol/sqns",
"NOW","ServiceNow, Inc.","165.42","29225669811.84","n/a","2012","Technology","Computer Software: Prepackaged Software","https://www.nasdaq.com/symbol/now",
"SGOC","SGOCO Group, Ltd","1.06","12327876.32","n/a","2010","Technology","Radio And Television Broadcasting And Communications Equipment","https://www.nasdaq.com/symbol/sgoc",
"SEII","Sharing Economy International Inc.","3.13","13915069.17","n/a","n/a","Technology","Industrial Machinery/Components","https://www.nasdaq.com/symbol/seii",
"SHSP","SharpSpring, Inc.","6.59","55664016.6","n/a","n/a","Technology","Computer Software: Prepackaged Software","https://www.nasdaq.com/symbol/shsp",
"PIXY","ShiftPixy, Inc.","2.59","74593750.84","n/a","2017","Technology","Diversified Commercial Services","https://www.nasdaq.com/symbol/pixy",
"SHOP","Shopify Inc.","127.68","11859353788.8","n/a","2015","Technology","Computer Software: Prepackaged Software","https://www.nasdaq.com/symbol/shop",
"SSTI","ShotSpotter, Inc.","27.69","293501539.5","n/a","2017","Technology","Computer Software: Prepackaged Software","https://www.nasdaq.com/symbol/ssti",
"SSTK","Shutterstock, Inc.","42.16","1469938670.88","n/a","2012","Technology","EDP Services","https://www.nasdaq.com/symbol/sstk",
"SWIR","Sierra Wireless, Inc.","17.75","638628457","n/a","n/a","Technology","Radio And Television Broadcasting And Communications Equipment","https://www.nasdaq.com/symbol/swir",
"SIFY","Sify Technologies Limited","1.95","48939686.25","25097275","n/a","Technology","Computer Software: Programming, Data Processing","https://www.nasdaq.com/symbol/sify",
"SIGM","Sigma Designs, Inc.","6.35","251303345.5","n/a","1986","Technology","Semiconductors","https://www.nasdaq.com/symbol/sigm",
"SGMA","SigmaTron International, Inc.","6.68","28157923.44","n/a","1994","Technology","Electrical Products","https://www.nasdaq.com/symbol/sgma",
"SILC","Silicom Ltd","41.42","308393686.92","n/a","n/a","Technology","Computer Communications Equipment","https://www.nasdaq.com/symbol/silc",
"SLAB","Silicon Laboratories, Inc.","95.5","4128567089.5","n/a","2000","Technology","Semiconductors","https://www.nasdaq.com/symbol/slab",
"SIMO","Silicon Motion Technology Corporation","45.56","1627080589.64","35712919","2005","Technology","Semiconductors","https://www.nasdaq.com/symbol/simo",
"SLP","Simulations Plus, Inc.","17.2","298007440.8","n/a","n/a","Technology","EDP Services","https://www.nasdaq.com/symbol/slp",
"SINA","Sina Corporation","95.01","6790409164.68","n/a","n/a","Technology","Computer Software: Prepackaged Software","https://www.nasdaq.com/symbol/sina",
"SWKS","Skyworks Solutions, Inc.","90.9","16558832951.1","n/a","n/a","Technology","Semiconductors","https://www.nasdaq.com/symbol/swks",
"SGH","SMART Global Holdings, Inc.","40.6","897509081","n/a","2017","Technology","Semiconductors","https://www.nasdaq.com/symbol/sgh",
"SMAR","Smartsheet Inc.","19.85","1963067258.6","n/a","2018","Technology","EDP Services","https://www.nasdaq.com/symbol/smar",
"SMSI","Smith Micro Software, Inc.","2.17","39574650.22","n/a","1995","Technology","Computer Software: Prepackaged Software","https://www.nasdaq.com/symbol/smsi",
"SMTX","SMTC Corporation","2.37","40508924.01","n/a","2000","Technology","Electrical Products","https://www.nasdaq.com/symbol/smtx",
"SNAP","Snap Inc.","14.13","17338012208.46","n/a","2017","Technology","Computer Software: Programming, Data Processing","https://www.nasdaq.com/symbol/snap",
"SRAX","Social Reality, Inc.","4.7","47999868.6","n/a","n/a","Technology","Advertising","https://www.nasdaq.com/symbol/srax",
"SCKT","Socket Mobile, Inc.","2.93","17225411.4","n/a","n/a","Technology","Computer Manufacturing","https://www.nasdaq.com/symbol/sckt",
"SOGO","Sogou Inc.","8.49","3371941988.88","n/a","2017","Technology","EDP Services","https://www.nasdaq.com/symbol/sogo",
"SOHU","Sohu.com Inc.","32.68","1271800631.84","n/a","n/a","Technology","EDP Services","https://www.nasdaq.com/symbol/sohu",
"SEDG","SolarEdge Technologies, Inc.","52.55","2357542294.55","n/a","2015","Technology","Semiconductors","https://www.nasdaq.com/symbol/sedg",
"SOFO","Sonic Foundry, Inc.","2.25","10561284","n/a","n/a","Technology","Radio And Television Broadcasting And Communications Equipment","https://www.nasdaq.com/symbol/sofo",
"SPA","Sparton Corporation","18.52","182139069.96","n/a","n/a","Technology","Electrical Products","https://www.nasdaq.com/symbol/spa",
"ANY","Sphere 3D Corp.","0.4925","6530648.9925","n/a","n/a","Technology","EDP Services","https://www.nasdaq.com/symbol/any",
"SPI","SPI Energy Co., Ltd.","0.4912","35615299.3904","n/a","n/a","Technology","Semiconductors","https://www.nasdaq.com/symbol/spi",
"SPLK","Splunk Inc.","103.19","14961091925.3","n/a","2012","Technology","Computer Software: Prepackaged Software","https://www.nasdaq.com/symbol/splk",
"SPSC","SPS Commerce, Inc.","70.68","1209331195.32","n/a","2010","Technology","Computer Software: Prepackaged Software","https://www.nasdaq.com/symbol/spsc",
"SPXC","SPX Corporation","31.65","1359505937.1","n/a","n/a","Technology","Industrial Machinery/Components","https://www.nasdaq.com/symbol/spxc",
"FLOW","SPX FLOW, Inc.","45.33","1926554192.52","n/a","2015","Technology","Industrial Machinery/Components","https://www.nasdaq.com/symbol/flow",
"SQ","Square, Inc.","48.2","19296895064","n/a","2015","Technology","Computer Software: Prepackaged Software","https://www.nasdaq.com/symbol/sq",
"SSNC","SS&C Technologies Holdings, Inc.","49.99","10388051074.18","n/a","2010","Technology","Computer Software: Prepackaged Software","https://www.nasdaq.com/symbol/ssnc",
"STAF","Staffing 360 Solutions, Inc.","1.64","6747087.92","n/a","1996","Technology","Professional Services","https://www.nasdaq.com/symbol/staf",
"SXI","Standex International Corporation","92.25","1183520360.25","n/a","n/a","Technology","Industrial Machinery/Components","https://www.nasdaq.com/symbol/sxi",
"SRT","StarTek, Inc.","8.47","137206563.34","n/a","1997","Technology","Professional Services","https://www.nasdaq.com/symbol/srt",
"STLR","Stellar Acquisition III Inc.","10.31","92894924.87","n/a","2016","Technology","EDP Services","https://www.nasdaq.com/symbol/stlr",
"STLRU","Stellar Acquisition III Inc.","10.72","0","n/a","2016","Technology","EDP Services","https://www.nasdaq.com/symbol/stlru",
"STLRW","Stellar Acquisition III Inc.","0.3755","0","n/a","2016","Technology","EDP Services","https://www.nasdaq.com/symbol/stlrw",
"STM","STMicroelectronics N.V.","22.17","19878944019.27","n/a","n/a","Technology","Semiconductors","https://www.nasdaq.com/symbol/stm",
"SSYS","Stratasys, Ltd.","19.86","1065370574.82","n/a","1994","Technology","Computer peripheral equipment","https://www.nasdaq.com/symbol/ssys",
"STRM","Streamline Health Solutions, Inc.","1.46","29177666.38","n/a","n/a","Technology","EDP Services","https://www.nasdaq.com/symbol/strm",
"SPWR","SunPower Corporation","8.42","1185934644.9","n/a","2005","Technology","Semiconductors","https://www.nasdaq.com/symbol/spwr",
"SMCI","Super Micro Computer, Inc.","18.25","888647104","n/a","2007","Technology","Computer Manufacturing","https://www.nasdaq.com/symbol/smci",
"SPCB","SuperCom, Ltd.","2.37","35403863.43","n/a","n/a","Technology","Semiconductors","https://www.nasdaq.com/symbol/spcb",
"SCON","Superconductor Technologies Inc.","0.95","11339764.3","n/a","1993","Technology","Radio And Television Broadcasting And Communications Equipment","https://www.nasdaq.com/symbol/scon",
"SPRT","support.com, Inc.","2.71","50755351.52","n/a","2000","Technology","EDP Services","https://www.nasdaq.com/symbol/sprt",
"SWCH","Switch, Inc.","14.23","3595003264.61","n/a","2017","Technology","Computer Software: Programming, Data Processing","https://www.nasdaq.com/symbol/swch",
"SYKE","Sykes Enterprises, Incorporated","28.57","1214134090.26","n/a","1996","Technology","EDP Services","https://www.nasdaq.com/symbol/syke",
"SYMC","Symantec Corporation","27.67","17197974390.16","n/a","1989","Technology","Computer Software: Prepackaged Software","https://www.nasdaq.com/symbol/symc",
"SYNC","Synacor, Inc.","1.85","71773935.7","n/a","2012","Technology","Computer Software: Programming, Data Processing","https://www.nasdaq.com/symbol/sync",
"SYNA","Synaptics Incorporated","42.98","1482753438.32","n/a","2002","Technology","Semiconductors","https://www.nasdaq.com/symbol/syna",
"SNCR","Synchronoss Technologies, Inc.","10.73","509834286.85","n/a","2006","Technology","EDP Services","https://www.nasdaq.com/symbol/sncr",
"SNX","Synnex Corporation","103.39","4146888016.81","n/a","2003","Technology","Retail: Computer Software & Peripheral Equipment","https://www.nasdaq.com/symbol/snx",
"SNPS","Synopsys, Inc.","86.07","12800770561.98","n/a","1992","Technology","Computer Software: Prepackaged Software","https://www.nasdaq.com/symbol/snps",
"SYNT","Syntel, Inc.","28.99","2425269829.58","n/a","1997","Technology","EDP Services","https://www.nasdaq.com/symbol/synt",
"DATA","Tableau Software, Inc.","84.78","6912500335.92","n/a","2013","Technology","Computer Software: Prepackaged Software","https://www.nasdaq.com/symbol/data",
"TSM","Taiwan Semiconductor Manufacturing Company Ltd.","38.93","201890980000","n/a","1997","Technology","Semiconductors","https://www.nasdaq.com/symbol/tsm",
"TTWO","Take-Two Interactive Software, Inc.","104.3","11931741334.1","n/a","1997","Technology","Computer Software: Prepackaged Software","https://www.nasdaq.com/symbol/ttwo",
"TLND","Talend S.A.","49.88","1204180514","24141550","2016","Technology","Computer Software: Prepackaged Software","https://www.nasdaq.com/symbol/tlnd",
"TECD","Tech Data Corporation","77.32","2961315948.24","n/a","1986","Technology","Retail: Computer Software & Peripheral Equipment","https://www.nasdaq.com/symbol/tecd",
"TCCO","Technical Communications Corporation","4.4008","8137189.22","n/a","n/a","Technology","Radio And Television Broadcasting And Communications Equipment","https://www.nasdaq.com/symbol/tcco",
"TLRA","Telaria, Inc.","4.25","221522686.25","n/a","2013","Technology","Advertising","https://www.nasdaq.com/symbol/tlra",
"TNC","Tennant Company","73.45","1314336408.45","n/a","n/a","Technology","Industrial Machinery/Components","https://www.nasdaq.com/symbol/tnc",
"TDC","Teradata Corporation","41","4957393763","n/a","n/a","Technology","Computer Manufacturing","https://www.nasdaq.com/symbol/tdc",
"TXN","Texas Instruments Incorporated","103.4","101509632824.6","n/a","n/a","Technology","Semiconductors","https://www.nasdaq.com/symbol/txn",
"TGH","Textainer Group Holdings Limited","17.55","1002091819.95","n/a","2007","Technology","Diversified Commercial Services","https://www.nasdaq.com/symbol/tgh",
"DSGX","The Descartes Systems Group Inc.","29.7","2281399560","n/a","n/a","Technology","Computer Software: Prepackaged Software","https://www.nasdaq.com/symbol/dsgx",
"KEYW","The KEYW Holding Corporation","7.47","372562178.85","n/a","2010","Technology","EDP Services","https://www.nasdaq.com/symbol/keyw",
"MIDD","The Middleby Corporation","126.98","7074071545.52","n/a","n/a","Technology","Industrial Machinery/Components","https://www.nasdaq.com/symbol/midd",
"RUBI","The Rubicon Project, Inc.","2.27","114078209.86","n/a","2014","Technology","Computer Software: Programming, Data Processing","https://www.nasdaq.com/symbol/rubi",
"TSG","The Stars Group Inc.","31.5","4779113629.5","n/a","n/a","Technology","Computer Software: Programming, Data Processing","https://www.nasdaq.com/symbol/tsg",
"TTD","The Trade Desk, Inc.","49.45","2078502180","n/a","2016","Technology","Computer Software: Programming, Data Processing","https://www.nasdaq.com/symbol/ttd",
"ULTI","The Ultimate Software Group, Inc.","242.76","7594068571.32","n/a","1998","Technology","Computer Software: Prepackaged Software","https://www.nasdaq.com/symbol/ulti",
"TNTR","Tintri, Inc.","1","31324097","n/a","2017","Technology","EDP Services","https://www.nasdaq.com/symbol/tntr",
"TISA","Top Image Systems, Ltd.","1.11","19904775.3","n/a","1996","Technology","Computer peripheral equipment","https://www.nasdaq.com/symbol/tisa",
"TSEM","Tower Semiconductor Ltd.","26.53","2617415788.54","n/a","1994","Technology","Semiconductors","https://www.nasdaq.com/symbol/tsem",
"TACT","TransAct Technologies Incorporated","12.1","90051055.6","n/a","1996","Technology","Computer peripheral equipment","https://www.nasdaq.com/symbol/tact",
"TZOO","Travelzoo","12.45","155146334.85","n/a","n/a","Technology","EDP Services","https://www.nasdaq.com/symbol/tzoo",
"TRT","Trio-Tech International","5.5","19541802.5","n/a","n/a","Technology","Industrial Machinery/Components","https://www.nasdaq.com/symbol/trt",
"TRIP","TripAdvisor, Inc.","37.53","5202406160.55","n/a","n/a","Technology","Computer Software: Programming, Data Processing","https://www.nasdaq.com/symbol/trip",
"TRTN","Triton International Limited","30.99","2504480154.48","n/a","2016","Technology","Diversified Commercial Services","https://www.nasdaq.com/symbol/trtn",
"TRVG","trivago N.V.","4.31","133250002.94","30916474","2016","Technology","EDP Services","https://www.nasdaq.com/symbol/trvg",
"TBI","TrueBlue, Inc.","24.2","993035892.2","n/a","n/a","Technology","Professional Services","https://www.nasdaq.com/symbol/tbi",
"TRUE","TrueCar, Inc.","9.95","1003618948.7","n/a","2014","Technology","Computer Software: Programming, Data Processing","https://www.nasdaq.com/symbol/true",
"TSRI","TSR, Inc.","5.5805","10949286.991","n/a","n/a","Technology","EDP Services","https://www.nasdaq.com/symbol/tsri",
"TTEC","TTEC Holdings, Inc.","32.2","1480533138","n/a","1996","Technology","Professional Services","https://www.nasdaq.com/symbol/ttec",
"TTMI","TTM Technologies, Inc.","14.2","1468819230.8","n/a","2000","Technology","Electrical Products","https://www.nasdaq.com/symbol/ttmi",
"TCX","Tucows Inc.","62.75","664457114.5","n/a","n/a","Technology","EDP Services","https://www.nasdaq.com/symbol/tcx",
"TWLO","Twilio Inc.","42.55","4073916561","n/a","2016","Technology","Computer Software: Prepackaged Software","https://www.nasdaq.com/symbol/twlo",
"TWIN","Twin Disc, Incorporated","21.98","254635926.16","n/a","n/a","Technology","Industrial Machinery/Components","https://www.nasdaq.com/symbol/twin",
"TWTR","Twitter, Inc.","30.3","22805179496.4","n/a","2013","Technology","Computer Software: Programming, Data Processing","https://www.nasdaq.com/symbol/twtr",
"TYL","Tyler Technologies, Inc.","220.02","8412019159.5","n/a","n/a","Technology","Computer Software: Prepackaged Software","https://www.nasdaq.com/symbol/tyl",
"UBNT","Ubiquiti Networks, Inc.","71.71","5570919352.35","n/a","2011","Technology","Radio And Television Broadcasting And Communications Equipment","https://www.nasdaq.com/symbol/ubnt",
"UCTT","Ultra Clean Holdings, Inc.","17.64","682988571.72","n/a","2004","Technology","Semiconductors","https://www.nasdaq.com/symbol/uctt",
"UIS","Unisys Corporation","11.05","559563270.5","n/a","n/a","Technology","EDP Services","https://www.nasdaq.com/symbol/uis",
"UMC","United Microelectronics Corporation","2.68","6467798751.24","n/a","n/a","Technology","Semiconductors","https://www.nasdaq.com/symbol/umc",
"URI","United Rentals, Inc.","148.64","12425805015.52","n/a","1997","Technology","Diversified Commercial Services","https://www.nasdaq.com/symbol/uri",
"UPLD","Upland Software, Inc.","27.5","592145537.5","n/a","2014","Technology","Computer Software: Prepackaged Software","https://www.nasdaq.com/symbol/upld",
"VRNS","Varonis Systems, Inc.","67.3","1903723849","n/a","2014","Technology","Computer Software: Prepackaged Software","https://www.nasdaq.com/symbol/vrns",
"VDSI","VASCO Data Security International, Inc.","15.65","629098074","n/a","n/a","Technology","EDP Services","https://www.nasdaq.com/symbol/vdsi",
"VECO","Veeco Instruments Inc.","15.6","750764149.2","n/a","1994","Technology","Industrial Machinery/Components","https://www.nasdaq.com/symbol/veco",
"VEEV","Veeva Systems Inc.","70.93","10099820086.89","n/a","2013","Technology","Computer Software: Prepackaged Software","https://www.nasdaq.com/symbol/veev",
"VRNT","Verint Systems Inc.","42.2","2693883799.8","n/a","2002","Technology","EDP Services","https://www.nasdaq.com/symbol/vrnt",
"VRSN","VeriSign, Inc.","117.94","11440867708.14","n/a","1998","Technology","EDP Services","https://www.nasdaq.com/symbol/vrsn",
"VRSK","Verisk Analytics, Inc.","106.69","17618457461.35","n/a","2009","Technology","EDP Services","https://www.nasdaq.com/symbol/vrsk",
"VERI","Veritone, Inc.","19.34","314353404.36","n/a","2017","Technology","EDP Services","https://www.nasdaq.com/symbol/veri",
"VSAT","ViaSat, Inc.","63.48","3738057380.16","n/a","1996","Technology","Radio And Television Broadcasting And Communications Equipment","https://www.nasdaq.com/symbol/vsat",
"VIAV","Viavi Solutions Inc.","9.31","2103355139.9","n/a","n/a","Technology","Semiconductors","https://www.nasdaq.com/symbol/viav",
"VRTU","Virtusa Corporation","48.84","1437343764.12","n/a","2007","Technology","EDP Services","https://www.nasdaq.com/symbol/vrtu",
"VMW","Vmware, Inc.","133.22","53992849701.4","n/a","2007","Technology","Computer Software: Prepackaged Software","https://www.nasdaq.com/symbol/vmw",
"VISI","Volt Information Sciences, Inc.","2.7","56777568.3","n/a","n/a","Technology","Professional Services","https://www.nasdaq.com/symbol/visi",
"VUZI","Vuzix Corporation","6.2","169412606.8","n/a","n/a","Technology","Radio And Television Broadcasting And Communications Equipment","https://www.nasdaq.com/symbol/vuzi",
"WSTG","Wayside Technology Group, Inc.","13.8","62185601.4","n/a","n/a","Technology","Retail: Computer Software & Peripheral Equipment","https://www.nasdaq.com/symbol/wstg",
"WEB","Web.com Group, Inc.","18.75","928461862.5","n/a","n/a","Technology","Computer Software: Prepackaged Software","https://www.nasdaq.com/symbol/web",
"WB","Weibo Corporation","115.5","7402086499.5","64087329","2014","Technology","Computer Software: Programming, Data Processing","https://www.nasdaq.com/symbol/wb",
"WBT","Welbilt, Inc.","19.23","2689538183.4","n/a","2016","Technology","Industrial Machinery/Components","https://www.nasdaq.com/symbol/wbt",
"WDC","Western Digital Corporation","79.79","23742336257.21","n/a","n/a","Technology","Electronic Components","https://www.nasdaq.com/symbol/wdc",
"WYY","WidePoint Corporation","0.5562","46182173.139","n/a","n/a","Technology","EDP Services","https://www.nasdaq.com/symbol/wyy",
"WIT","Wipro Limited","4.76","21418831315.28","n/a","n/a","Technology","EDP Services","https://www.nasdaq.com/symbol/wit",
"WIX","Wix.com Ltd.","81.5","3821403785","n/a","2013","Technology","Computer Software: Programming, Data Processing","https://www.nasdaq.com/symbol/wix",
"WDAY","Workday, Inc.","125.62","27023980014.02","n/a","n/a","Technology","EDP Services","https://www.nasdaq.com/symbol/wday",
"WK","Workiva Inc.","22.35","954541881.15","n/a","2014","Technology","Computer Software: Prepackaged Software","https://www.nasdaq.com/symbol/wk",
"WPP","WPP plc","85.75","21713803735.75","n/a","n/a","Technology","Advertising","https://www.nasdaq.com/symbol/wpp",
"WSCI","WSI Industries Inc.","4.8","14252198.4","n/a","n/a","Technology","Industrial Machinery/Components","https://www.nasdaq.com/symbol/wsci",
"XRX","Xerox Corporation","32.29","8223406443.17","n/a","n/a","Technology","Computer peripheral equipment","https://www.nasdaq.com/symbol/xrx",
"XLNX","Xilinx, Inc.","64.53","16443226404.72","n/a","1990","Technology","Semiconductors","https://www.nasdaq.com/symbol/xlnx",
"XPER","Xperi Corporation","23.15","1144534217.45","n/a","n/a","Technology","Semiconductors","https://www.nasdaq.com/symbol/xper",
"XPLR","Xplore Technologies Corp","3.17","34979060.68","n/a","n/a","Technology","Computer Manufacturing","https://www.nasdaq.com/symbol/xplr",
"XNET","Xunlei Limited","13.16","471400727.84","35820724","2014","Technology","Computer Software: Prepackaged Software","https://www.nasdaq.com/symbol/xnet",
"YNDX","Yandex N.V.","33.63","11020229060.01","n/a","2011","Technology","Computer Software: Programming, Data Processing","https://www.nasdaq.com/symbol/yndx",
"YEXT","Yext, Inc.","13.09","1258835768.96","n/a","2017","Technology","EDP Services","https://www.nasdaq.com/symbol/yext",
"YGE","Yingli Green Energy Holding Company Limited","1.84","33444533.68","n/a","2007","Technology","Semiconductors","https://www.nasdaq.com/symbol/yge",
"YY","YY Inc.","96.67","4642330531.51","48022453","2012","Technology","EDP Services","https://www.nasdaq.com/symbol/yy",
"ZBRA","Zebra Technologies Corporation","136.78","7298680512.62","n/a","1991","Technology","Industrial Machinery/Components","https://www.nasdaq.com/symbol/zbra",
"ZDGE","Zedge, Inc.","4.15","42285250.55","n/a","2016","Technology","Computer Software: Prepackaged Software","https://www.nasdaq.com/symbol/zdge",
"ZEN","Zendesk, Inc.","48.58","5064661360.36","n/a","2014","Technology","EDP Services","https://www.nasdaq.com/symbol/zen",
"ZIXI","Zix Corporation","5.19","281550374.13","n/a","n/a","Technology","EDP Services","https://www.nasdaq.com/symbol/zixi",
"ZS","Zscaler, Inc.","29.13","3417866798.91","n/a","2018","Technology","EDP Services","https://www.nasdaq.com/symbol/zs",
"ZUO","Zuora, Inc.","19.67","2036006726.74","n/a","2018","Technology","Computer Software: Prepackaged Software","https://www.nasdaq.com/symbol/zuo",
"ZNGA","Zynga Inc.","3.52","3054728385.28","n/a","2011","Technology","EDP Services","https://www.nasdaq.com/symbol/znga",
